2,3,4,5
11,12
17,18
21,23
24,25
29,30,11,31
16,18,25
33,12
29,4,34,35,36,37
4,39,40,36
20,18,41
42,43,44
18,45
45,11,18
13,3,16
12,54
16,55
56,57
58,13,48,16,40,59
61,35
11,30,37
16,14,9
20,55,24
16,41
56,57
15,25
4,15,39,27,25
34,15
23,37
20,18
11,25,12,36,18
33,25,12,38
56,57
7,11,18,55,54
45,12,40,41
58,18
43,41
19,57
16,40
25,11,18,30
37,24
33,8
29,33,25,61,37,11,18
36,11
48,40
57,28,54,31
6,36
16,45,37,36
41,24
5,21
58,44
4,16,18,12,36
13,48,32
13,23
12,47,37
58,6,36
16,55
3,49,48,50,33,18,17,25
16,18,36
2,53
13,54,17
13,3,55,23
36,25
55,24
41,40
13,18
51,18
16,36
16,42,36
16,18
13,1
6,31
16,45,33
13,43
58,44
11,18
45,18
36,59
40,5
36,28,33,61,18
37,17
30,37
2,16
40,39,24
48,13
11,33
46,7
46,36,35,18
7,24
17,37,12
16,38
61,44,11,37,36,18
44,23,57,56,47
27,43
16,14
29,36,25,12
16,11
18,24
13,3
13,12,30,14,1,43,27,40
58,41,18
56,57
13,18
8,33,25
3,13,4,18,36
50,11
40,18,56
51,41,36
45,54
20,8,36
6,45,18
16,45,35,18,10
7,44
2,3,1,12,30,25
40,21
1,25,12
48,60,13,27,18,52
13,23,62
24,35
31,33
16,30
13,39,36
16,15
18,12,36,11,25
58,29,45,30,41,33,18,43
16,33,18,11,24
16,34
45,37,27
50,45,11,36,32,12,62
24,5,40
11,25
48,13,3
17,15,25,12,39
13,4,11,12
11,18
6,36,24
21,40
17,59,9
6,18
56,53
50,51
13,48
16,9
6,24
55,11,39
29,33,15
11,33,12,18
11,36,24
16,24
11,39
26,18,35
36,11
25,18
6,45
51,11,37
55,11,18
36,18
54,33,43
3,19
13,31
34,8,15,42,38
41,36
3,13
18,38,10
29,16
25,52,11,36,33,12
13,3
58,3,16,18
13,51
24,41,23,18
16,24
34,6,25,36
51,6,41
53,28
55,12
16,11,18
58,13,42,32
41,24
59,9
58,20,6
44,18,11,36
23,39,25,35
21,23
12,36
16,23
13,24
51,43
13,60,48,49,54
32,36,40
22,39,31
3,13,48,36,11,37,43
58,50
3,13
4,45,27,32,35,36
48,57,56
3,13,7,16,25
6,54
8,17
50,35,40
2,48,41,33,11,18
13,3
46,11,18
11,18
45,1,25,33,61,12,11,18,36
49,60,36,31,11
41,10
13,37,12,25,39
36,11,12,18
6,10
18,41,37
25,28,43
4,16,37,18,36
6,45,61,31,47,18,36,11
24,11,18
7,24,36,18
16,36,40,18
18,37,55,36,25,12,47
18,55
17,37
49,7
40,44
16,25,27,12,36
40,21
16,36
49,48,3,13,39
19,24
36,11
24,39
49,43,36,62,28
50,17
45,11
45,55
36,43,44
18,11
3,48
3,35
37,36
24,37
58,13,1
6,36,11,18
20,62,25,12
6,62,39
18,11
43,11,33,18
6,33,28
16,35
58,13,36,39
3,6,45
2,24
3,56
11,39
16,37
3,13,35,9
32,61,14,11,9
48,5
15,54
19,47,12
13,54
13,35
51,45,14,35,32
54,36,41
1,30
5,36,11,18
15,1,33,8,43,11,12
37,18
13,51
18,35
4,6
37,11
36,18
4,12
3,23
4,16
16,18
23,24
45,18,31
16,18,43,31,11
41,11,43
3,48,13
55,18,61
20,28,25
16,30,52,36,11,12
33,25
16,30,11
3,31,57
4,41
50,60
55,24
53,18,15
58,3,6
4,52,36,24,12
39,8
12,43
6,59
46,36,40,43
58,13
48,3,61
23,57
3,13
41,9
55,39,33,11,37,36
16,45,11,9
53,31,47
62,52,39
29,45
14,18
6,18,36
18,11,55
4,36,41
20,17,59
32,35
28,43
46,58
58,19,40,31,5
11,12,23,28,37
7,26,56,57
13,3,34
43,12,25
13,11,25,36,37
45,23
28,17
36,37
13,11,31,36
43,39
4,6
25,55,39,32
29,4,12
49,16,25,11,36,43
33,17
3,48,13,36,18,11,21
2,3,37,40,21,5
45,59
48,27,28,62
33,53,12
28,25
58,17
19,11,61,33,9
4,51
48,16
47,11
49,3,18,25,30,1,12
52,36,37
11,25,12,1
41,32
4,56,57
3,13
18,36
19,45,14
49,18
36,11,18
3,16,12
58,3,13,34,47
3,16
3,13,48,49,36,43,44,18
36,59
13,3,48,36,31
16,39,36
3,13,16
34,55
61,18,14
16,11,18,37,24
16,12,31
58,31
13,23
3,36,12
13,22,36,11,27,18
6,37,11
13,21
46,13,3,45,11
6,18
2,6,41
13,16,45
6,40
44,18,24
49,13,3,41
2,36
37,14,59,4,16
13,3
26,14
48,49,3,13
4,36
13,22,18
13,51,11
14,24,37,18,11
40,5
31,27,55,23
13,18
18,39
16,25,12,18,36
6,15,36,54
19,18
3,6,36,18
58,44
60,37,18,11,25,36
58,56,57,42
56,57,42
4,24
21,40
16,14,18,24,36
47,32,40,5
36,10
25,30
4,43,39,35
36,18
4,24,54
6,16
17,37
13,56
2,16
4,35
29,12,37
1,15,25,12,39
49,48,13,3
46,13,56
33,36
13,18
52,43
50,60
4,39
4,36
13,57
47,24,35,38
6,39
48,43
50,13,43,1,25,12
13,40
16,10
58,24
56,57
36,40
3,13,4,40,32,37,11
43,39
58,29,36,18,43
3,25
45,5,11,31,35,18,47
16,36
49,48,51,21,35,11
16,25,33,35
16,11,9
6,39
16,5,18,40,55
48,35,54,18
39,25,8
29,6
13,3,10,18
49,3,46
16,18
57,39,36
37,18,33,28
29,12,11,43
13,55
16,10
13,17
11,52,18,39
30,39
16,45,32,35
12,36,35
18,36
36,18
16,36
36,32
44,27
3,18
58,16
18,37
45,11,36
16,25
16,17,37,18
30,33
18,12,55
41,33
1,25,12
4,16
16,45,15,11,25,33,61,18,23
20,16
49,13,3,5
51,21,18
24,1,36,18
3,13
23,53
2,25,23
40,32
46,58,43
46,11,36,18,5
37,24
56,57
41,44
49,15,14,24,33,11
34,40,57,23
25,33
5,31,54
58,19,4
2,48,14
48,13
51,12
3,5,40,35,32
7,51,36,18
33,12,43
46,53
16,24
31,11,18
35,33,23
18,11,61
46,50,58,49,14
6,45,24
60,13,6
13,12,27,33,37,11,32
52,43,55
46,49,45,28
36,18
16,10
36,30,12,11,37
23,11,14,45
3,13,4,51,36,11,23
43,12
50,45,32,36,43,12
3,48
45,25,33,11,5,55
41,40
49,6
62,25,12,20
13,16,18
36,54,18,45,24
13,3
16,41
36,18,11,41
17,9
5,40
24,37
22,39,45,32,38
62,45
51,1,45
31,55,12
6,35
6,14
2,16,12,25,9
25,33
16,36,24,18,45
7,4,36,18
18,52,41,32,35
58,6,36,14,45
3,48,60
12,43,18,11
19,26,25,5
13,3,25,33
47,24
49,13,3
38,9
29,16,36
45,47
45,35
41,11
48,13,16,55,57
18,11
48,3,13
4,41
13,16
18,55
36,35
13,48,53,56,35,40
48,58,3
6,26,36,47,44
11,18,25
23,33
20,35
16,37,18
13,3
36,15
16,9
51,36,18,39,41,37
7,4,43
33,11,18,25,12,52
33,25
18,37
49,3,48,13
9,10
21,5
39,11
13,6
60,50,3
46,15,57,53,45
14,23
20,1,18,24
13,3,48,16,36,40,5,55,11,21,32,18,24
48,13,16,36
6,18
39,18
43,39,17
50,35
4,51,36
50,60
16,11,32
60,13,6,18
23,62
4,18,54,31,32,41,37
13,3
16,36,18
51,18
36,54,33,18
54,55
48,13
49,3,13
42,43,44
11,25,28
48,49,50,60,3,13
6,15
18,45,35
2,50,13
62,28,57,35
16,36,10
12,18,11
58,21
2,52,41,12,32
46,25
7,45,37
36,18,11,12
43,32,41
29,33
16,39
5,16
6,41,36,11
56,40
16,10,9,38
13,3,48,44
58,18,47,43
25,18
24,41,45
16,45
7,41
52,45
14,43,28,33,25
43,33,25,28
30,40
21,5
33,11,15
18,57
3,31,12
13,56
2,43,44,8
16,35
16,45
29,16,36,37
4,11,47
16,36
7,36,11,12
19,7
36,35,39
3,49
48,43,15,8,61,33
12,33,55
47,52,12
50,16,33,15,24,18
58,14
13,58,3
36,11,24
6,24
16,11,45
13,3,37
13,16,55,25
16,31,12
16,37
51,16,36,26,17,11,18,10
45,18,35
26,43
3,52,11,18
16,36,37
11,40,24,18,5
43,44,33,18,45,14
13,16,36,18
16,36,11
13,3
16,36
13,22,18
16,26,44,17,43
2,18
55,45
29,12,45,41
29,22
45,24
3,13,36,55,54
46,7,16,5,21
24,25
48,13,16
16,36
16,10
59,37,35
4,32,25,33,8
16,24
43,25
39,45,18
46,42
13,3
13,16
13,25
18,35
58,3,48
37,40
46,43
36,32,35,45,37
43,39
16,10
13,48,6,33,61,18
35,24
42,10
13,7,61,14,33,18
3,13,26
5,39,57,40,23
23,31,33,25,24,18
18,11
54,61,18,11,45,24
18,40
4,21
36,11,12
13,3,15,23,25
52,11
41,30
2,55,24,14
16,20
16,17
13,36,40
53,56
36,30,12,11
38,9
13,49
4,41,36,24,10
42,12
24,20
13,50,57
40,5
8,33
13,16
33,61,35
36,41,24
16,45
36,30,52,18,11,41
18,39
13,36,43,37
55,45
4,41,36,12,52,18
4,5,21,33
13,48
3,36,61,45,33,18
13,3,48,18
6,57
16,14
24,40
16,32,38
50,60,12,11,39
58,42
16,41
41,24
58,25,55
36,18
11,12
4,16
48,3,13
16,18
36,45,18
30,25,12,11
16,33,18
13,3,36
58,50
16,36,45
48,3
35,45
13,3,62
18,55
40,43
48,39,33,37
36,18
22,55,12
16,59
19,25
40,33
40,62
36,43
44,57,30
33,45
36,45,35,44
13,48,6,41,11,30
16,1,15,43,39
2,11
50,36,24
49,13,60
13,49,3
36,43,44
16,25,18
6,10
58,11
41,43,40
51,11
16,18,9
3,13,41,12,1,39,11,18
4,26,18
31,1,41
18,41
40,37
16,36,56,35,18
61,55,18
36,18,45
49,36,44,30,52,8,33,25,11,18
18,24
51,34,16
13,50,18
22,47
62,42
16,36,37,24
6,37
48,13
58,48,61
56,42
51,55,18
13,3
16,24,41,40,43
48,20,45,43,39
36,56,61,24,43
11,37
36,11,18
3,16,35
36,14
3,49
29,36,47
20,15,9
48,13,7
8,33,41
13,3,49
12,8
36,23
34,36
48,58,13
55,18
18,39
43,12
16,18
46,4
19,36,27,54,35
36,40,37
48,13
11,18
48,3
16,6,30,45,35,55
12,11,25,37
55,61,18
29,6,43,55
16,36,18,38
16,14
6,37
16,11,9
16,10
23,24,33
58,40
4,20,37,18
40,21
34,42
3,13,58
28,25
16,18,55
4,24
43,12,41
6,45
62,57,42
16,18
3,13,11
2,36,52,12,11,18
16,26
48,3,13
36,45,55
50,3,49,39,41
13,37,9
36,12,52,24
29,38
36,42,21
26,23
6,11,18
22,36,14
36,45,35,32
49,13,3,31,8,33,25
36,39,37,40,25,45,41
36,39,45
48,13
46,48,35
40,55,45,25
18,14,15,59
3,13
16,1,41,11
3,13
6,24
6,36,52,18
4,16
13,25,33,12
16,10,30
51,52,43
36,57
29,6
2,12
18,11
48,3
11,32,35
4,16,55,35,18,45,38
16,24
25,24
13,11,12,5,21,40
13,25
2,4,11,24,30,25,12,18
36,12
36,45
36,18
51,18
5,40,21
18,25
20,18
2,13,33,8
7,21
29,55,37
16,10
13,48
29,36
16,18,45
45,8,52
36,32,35,45,11,18
6,36,18
4,16,36,45,18
54,61
36,24,31,18
13,48,19,53,24,11,18,54
16,62,8
13,4,35,36
29,40,21,5,12,37,18
45,11
58,57,40
12,52,1
3,11
21,40
16,12
33,61,11,25
36,18,5,21
22,45,31,40
48,13,16
36,12,18
49,29,36,31
41,16
20,36,21
6,39
35,18
33,30,24
41,14
3,13,18,39
48,13,3,39
6,18,35,25
29,36,11,18
40,32
40,55
46,13,29
16,36
16,10
16,18
36,24
58,61
11,18
13,3,16
25,33
11,54,18,14
16,40,43
16,45,36,18
23,56,57
18,36
16,36,31,43,18,33,27,12
16,11,25,43,37,12
8,39,54,30
36,25,33
37,11,18
16,36,37
19,6,45
16,36,45,37,11,33,25,31
16,24
33,28,25
2,10,11
51,18,12,43,39
24,11,18
36,54,11,18
26,36,11,18,5
35,30
13,35
36,52,11,18
6,52,9
2,6,12,1,55,18,11
37,55
16,33
16,36,18,11
6,16
16,45,54
50,16
18,37
13,48,33,25
15,1,25,36,39,5,12,9
6,9
13,3,48
11,12,18
16,15,10
47,18,45
13,3,16,44
18,37,11
16,18
39,54,41,62
16,33,15
13,48
57,37
16,54,55,39
53,23,39
11,41
26,18
58,19,45,42,31
58,42
39,15,18
4,6
2,11
13,3,61,45,11
36,40,61,45,35,18,33,10
2,36,43
43,45
41,38
58,31
27,43,18
3,13,36,14,12,11
33,17,41
16,36
29,16,36,55,35
57,54,28,45
29,19
12,18,41,24,36
2,29,22,30,43,44,27,12,18,33,28,37,11,39
36,37
7,35,52
42,56
46,58,53
4,45
20,11,12,32
4,18
36,11
36,33
40,24,10
26,24
8,25
16,24,14
16,44,18,24,11
16,36,18
53,31,17
2,36,30,12,43,33,11
21,5
46,50
33,25
25,12
48,3,36,17
49,13,48
36,12,18,41,6
36,31,18
36,52,43
31,18
36,44
50,36,43,44,41
19,16,10
3,27
4,28,25,8,33,52,18,11,30
24,11,18,62
48,13,6,36,37,62,61,11,18
35,39
48,3,20
46,19,15,24,39
16,36
4,45
51,36
21,5,40
18,59
36,12
60,45
36,18,11,55,44
34,36
61,11,18
13,3
7,55,38
40,47,9
46,16
22,8
57,42
56,42
36,18
44,47
16,45
36,32,40
40,5,47
61,33
16,32
46,40
48,13,16,36
17,36,31,44,18
29,52,33,12,25
6,31
16,37
48,50,56,57,37
18,37,11
13,48,52,44
4,39,57
2,29,16,55,12,33,25
6,29
61,55,11,18
44,56
18,24
34,23,53
20,25
43,18,61,11
46,13
36,35
55,21,41,40
36,25,12,11
48,3
7,17
35,10
36,35,18,41,45
17,33,11
13,3
6,45
6,55
6,18
13,16,11,12
35,57
16,45
13,3
4,16,23
62,45,52,37
16,36,11,43,22
16,59
19,42,5,39
17,5
25,18
36,37,12
3,45
34,11
16,45,42,37,11,10
47,44
33,40
3,14
2,48,16,36,18,15
36,10
51,41
48,55
13,34,16,53
45,1
4,51
48,6,41,18,35
3,59
24,40
16,33,11,18
30,40
13,16,36,43,39
49,13,6,11
50,3,31,37,43,18,11
46,11,18
13,31
2,36,25,33,28
46,11
7,41
13,49,27,31,11,35
3,13,16
58,43
13,3,6
58,45,18
18,28,31
45,24
13,3
3,13,36
2,37
49,13,16
34,36,11,12,43,18,40
2,16
29,6,36,33,11,30,52,1,8,12,15,18
49,27
17,39
45,18
34,18
13,48,36,18
13,31,56
41,43
6,53,35
6,36
48,3,13,34,16
41,11,9
2,36,11,27
1,11
12,33,25
3,12,18,24
7,16
28,39
45,11
37,16,36,14
34,36
16,24,38
6,36,43
49,18,45
4,18
6,37
13,12,44,37
16,39
45,47
36,31,33
58,6
6,11,47,37
33,25
29,4,62,39,12,30,25,18,38
7,45,11
16,56,57
39,18
16,18
49,13,58,42
61,11,18
41,45,24
47,43
34,40
7,39,37
48,60
58,40,35,45,44,59,10
58,23
4,16
3,13,34,40
19,16,14,41,9
19,24,17
35,61
35,1
22,35,45
62,25,41
34,17
13,48,36,53,41
27,17,37
24,11,32,18
13,6
3,13,16,36,18
4,33,37,61,18,11,10
29,44
6,56
49,31,40,14,39,10
4,57,36
48,49
46,45
58,34,31,44
2,17
13,3
5,21,40
36,31,56,57
49,13,62,12,35
48,3,50,60,41,36,27,25,11
36,32,35,55,45,18
2,39
58,3,13,48
13,3,48,25,33,59,9
13,58,36
46,37
13,3,4,23
22,55
13,16,51,36,31,11,33,8,54
36,1,43
3,13,48,5,18,40
60,16,25,10
33,37
6,37
3,13,6
48,13,6,18,35,56
3,48,13,29
44,25
7,16
11,61
16,36,45
6,11,37
36,12,24
24,40
12,11
5,40
55,33
51,43,12
45,11
35,45,18
16,10
4,42
16,18
43,18
40,5,47
16,36
16,12,39,24
41,6,25,24
37,23
52,37,31,12
20,18,25,61,15,39,33,11
16,36,18
16,18
33,28
36,32
51,39
36,11,12,25,18
36,18
13,3
48,3,13
48,3
61,18,41
53,57
16,45,35,59,55
19,37,47
16,21,42
58,4
36,41
36,41
4,16,12,11,25,33
46,57
4,51,6,16,17,52,12,18
36,24
48,13
3,32,35
3,13
25,33,45
16,8
39,25
18,59,17
16,36,24
49,16,15,61,18,24
3,36,39,18
13,37
10,57
41,25
36,15
54,55
4,11,47
6,24
16,26,44,17,43
48,13,16
46,4,16,37
36,11,18
58,5,39,40,43,47
13,48,53,21
36,18
16,36,37,18,35
36,43,25,11,18
6,33
23,42
16,37
2,41
16,36,54,24,61,31,18,11
13,3
13,16
25,33
13,48,3
16,24,47,44,37
58,25
13,24,54
13,48
16,10
41,4
51,30,18
36,35,40
36,15,61,18
44,47
48,3,13
58,16,44
4,16,18
36,45
60,50,22,5,24
3,13
16,10
61,11
58,41,43,30
11,12,33,18,21,5
3,49
25,54
16,55
36,41
50,60,1,31,41
3,48
36,45
58,27
16,37
59,37
16,39
16,24,9
37,36,56,24
24,35
21,40
49,13,37,57
16,36,45,35
48,50,3,11,12,37,25
16,41
13,59,24
48,13,5
7,36,10
11,39,12,44
13,48,3,16,12,25,33,11,14,18
13,3,16
60,13
51,41,16
2,37,44
16,37,18,38
16,18
60,35
16,18
13,16,17
58,29,20
57,56
48,25
45,55,24,37
6,36
4,51
13,23,5
26,62
16,38
16,33,31,11
46,2,59
48,13,34,36,33
62,43
36,41,8,24,18,11
36,41,44,25
36,31,45,35
16,12,18,43,11
48,3
36,18,11,12
3,36
12,43,39
5,12
13,3
6,57
56,57
36,45,32
46,26,53
16,38
22,21,40,47
19,17,45
37,43,30
35,11,18
26,45
54,33,8
49,48,13
19,36,45
16,38
16,55,56,25,33,41
52,30,25
13,36,18
3,13
36,11
16,10
35,9
36,18,41,25,33
16,38
13,35
16,36,18
18,45
13,3,6
16,17,33,18
33,45,55
4,43,47
20,6
16,6,25,33
7,26
6,14
46,16
37,9
49,4,27
16,42,55,15
41,31
16,32
3,11,54
48,13,55,18
3,6
16,52,12,9
36,11
41,9
60,29,43,14,18
3,13
2,11
3,48,11,54
13,3,45
2,22,11,45,52,35,55,20,12
16,14,40
25,18
1,25,18
13,3,48
16,11,18,35
49,48,3,51,36,54,11,18
3,13
47,45,9
48,18
3,49,36
13,45
60,62
36,45
22,36,39
46,25
44,11
62,28
39,37,25
13,48,3
16,10,38
11,18
4,24,45,12
53,62,55
40,21
4,6,55,18
6,36,32,45
25,53
58,1
35,18
6,18
59,36,18,11,45
36,40
29,36,35
4,9,38
13,12,35
24,43
3,13
54,31
26,43
16,45
16,40
58,51,16,1,12,39,43
17,5
2,45,18
2,13,37
6,45
32,55,33,24
12,1,39,25
13,3
15,10
56,53
6,45
16,10
37,24,41,43
2,16,11,12,18,37
36,11
18,11,61
60,16
36,21,40
54,33
21,5,40
44,37
7,16
28,12,11
25,18
3,12
18,54
16,36,11
48,3,13,16,25
46,19
3,33
44,40
4,12,33
6,32
36,14,31,35,30,61,52
41,47
52,61,18,11
5,40
6,16,36
16,6
23,57,43
36,37
48,3,36,35
45,39
25,11,12
3,16
36,59
13,21
46,13,3,11,45
2,6,41
13,16,45
13,3
16,12
4,36
13,51,11
40,5
16,36,25,12,18
34,21,10
8,23,41
21,40
4,12,39
4,18
25,30
49,3,13,57
6,16
36,44,39,11,18
46,53
16,18
52,41
35,56,25,42
6,16,25,33
3,13,48,26,18,12
5,21
16,39,11,45
36,45,18,61,33
25,33,18,38
46,42,56,57,37
17,11,59
40,53
36,45
21,5,40
29,23
15,39,1,30,12,25,24
18,11,27
6,43
16,36
35,47
36,11
48,10
46,3,48,13
50,36,18,25,12
31,52,11,41,24
12,43,30,11
3,48
29,12
49,8,18
13,22,36,18
16,36,54,32,35,45
48,13
36,11,18,37
46,16,40,21,5
36,11,12
18,11,25
37,24
6,11,25,44
14,9
51,16
13,48
13,16
36,45,35,32,62
33,39
36,17,30,52
36,35
7,36
13,1,15,43,47
22,54,52
6,12
59,41
16,11,18
44,25,8,33,11
37,11
7,26,18,37,24,54
3,40
24,18,55
25,39
36,12,33,25,11,18
46,49
36,47,44,18,52,12,31
16,33,11,18,24
16,36,18,24,10
18,11
36,11,15
16,45
16,26,25,18
41,10
2,24,18,41
14,18
49,25,33
16,40,43
16,14,41
36,11
37,18,11,14
6,10
24,14
6,16
18,41,24
33,24
16,18,11,24
16,26,36,18,11,43,9
6,40,5,21,41,11
46,57,37
33,11,45,15,18,9
2,7,37
16,18
3,13
18,24,11,9
36,54,15,61,33
11,18
13,49,22,29,11,12,33,28,37,18
41,16,36,11,24,18,25
36,41
16,10
22,36,11,18
16,18
20,25
2,11
24,14
36,40
11,55,18
46,36,43
36,18,11
2,18,24
25,54
16,59
6,16
16,18
10,16
16,54,18,33
14,11,30,18,24
6,33,18
36,18,41
16,10
6,18
16,15
28,10
16,14,24
50,16,18
29,11,37,14,25
16,36,28,52,11
24,18,11,12,25,33
16,36,11,18,41,24,9
36,11,18
45,41
18,14
36,24,45
13,3
51,62
36,33,14
2,30
58,36
32,10
11,18
16,45,14,18
16,43,11
6,15
16,41
16,36
16,18
28,11
36,18
30,54,11
28,33,61,18
58,18
16,36,28,24
16,37,24
16,14,24,18
2,22,16,14
11,18
12,11,18,43
16,9
16,24,11,18,14
16,6,36,11,18,10
14,37,18,59
16,24
36,11,18
16,15
16,24,11,9,10
16,37
36,18
16,36,11,24,18
11,35,45,18
44,14
31,11
36,18
4,16,10,52,11,14
41,24
16,6
6,37
18,42
61,54,18,45
20,16,10
16,35,31,10
24,10
16,36,18
16,45,37,14,18
40,37,45
15,43
20,10
36,14,24,11,18
16,12
6,40,24
15,11,33
41,24,10
27,12
16,41
36,18,54,59
24,17
16,18
20,16,37,18
36,24,14,10
14,24
6,18,38,10
45,37,11
36,43,11,18
12,33,42
51,54
25,28
13,22,36,18,11
16,10
24,18
11,24
24,10
11,18
7,16,45,18,11,54
18,43,11,52
2,37,33
52,11,18
49,48,3,13,18
45,35,40,24
51,36,8,23,39
42,27
46,11,43
18,37
3,48,13
46,48
24,37
22,29,28,39
36,39
16,36
13,23
40,5
13,3,25,24
50,5,35,40,32
23,31
18,37,45
37,39
40,54,24,45
6,36,45
39,40
2,36
13,6,18
6,45
22,18,39
24,37
41,36
6,36,45,55
35,32
50,48,49,13,16
61,33
46,12,40
58,31
49,13
60,6
13,3,41
33,28
36,25
4,17
16,62
3,34,36
2,13,3,16,33,25
50,18
45,55,39
36,11
6,36,12,27
3,13,36,14,12,11
45,23
2,25
58,13,16,28,31
16,11,55
45,15
29,44,24,12,47,55,9
36,44
25,12,17,44,18
25,12,52,18,61,24
16,36,11,45,35,37
36,23
46,58,26,42
22,39
49,4,25,41
13,40
16,45
5,40,21
6,25,12
16,41
13,3,60
36,25,14
6,36,45
32,45,11,33
62,28
58,36,55,31,47,45,11,44
36,11
58,16,39,18
49,48,26,41,18
2,6,16,36,54,25,11,12,18
32,45,15
17,45,10
4,18,30
55,11,18,12,47
36,18,61
36,18
18,11
23,45,55
29,36,33,12,23,11,52
16,36,18
39,15
60,16,45,47,35
45,54
31,47
28,62
40,5
8,9
48,13,3,58
33,32,45
16,17
22,24,41,9
16,36,33,11,18
36,24,18,45
12,1,41,21
28,18
36,45,11
18,37,11
2,16,18
43,44
48,13,3
48,13
48,34
29,36
36,25
7,29,36,25
3,47
16,42
41,12,39,18
13,25
16,36,35
3,27
16,18
36,14,18
16,26,1,39,24,38
4,34
18,39,1,25,62
54,18,24
58,42
49,13
18,45
16,18
48,13
7,42,39
29,25
52,25,12,40
16,18,45
16,24,33,45,61,40,55
44,25
12,25
58,16,11,18,25,37,43
12,55
57,42,46
3,48,13,16,24
29,36,11,18,40,31,62,37
49,23
16,36,35
16,18,14
11,1,25
56,35
24,38
58,31,41,9
35,18,11
16,41
58,48
45,55,37
13,48,3
36,45,9
62,10
46,19,16,26,37
36,11
60,13,41,16,35,18
51,16
20,43
48,30,40
45,36,37,40,18
11,18
46,53,24
62,56,57
58,42
49,7
19,53,62,40
3,13
48,13,36,45
16,37
22,12,52,11,18,36
4,7
49,36,25,6
16,35,36
46,56
39,41
1,10
59,41
12,37
5,21
16,18,36
48,13
45,11,5
36,11
58,28,24,39
45,18
13,3,52,30
4,5,21,40
12,25,43
58,13,16,54,8,25,18,33,17,9,38
46,13,3,48,19
12,11,36,18
5,44,40
2,37
52,12
30,18
56,42
29,16,44,20,39,55,27,45,24
16,45,36,18
29,33
48,13,3,11,18,62,57
33,11,47
46,11,57,18
36,14
13,3
30,27,36
37,18
16,9
45,18,36,35
16,6
16,31,33,35
50,13
56,37
22,14
34,6
4,16
48,34
13,3
35,36
7,6
46,19,62
15,18
58,48,44
54,41
43,25
4,18
3,5,36
42,37
48,13
6,15,54,27,36,32
25,37
41,18
4,26,31,47,24,18,12
24,36
3,13
30,25,33,28,8,41
3,36,37
49,17
31,54
46,60
48,3
51,39
45,12,35,36,18,11,25,33
22,44,39,24
13,3
40,44
34,17
16,25,12,18,36
51,45,12,36
7,45,14,9
31,12,1
41,18
51,21
1,25,12,43,18,11
37,18
16,37
11,36
12,11,18,9
2,51,62,55,24
43,47,42,57
49,3
6,36,18
48,13,3,49,52,30,18,31
4,6,15,18,25
16,36
58,53,40
49,48,3,60
27,31,43,10
13,33,1,37,12,52,43,39
51,52,11,36,30
37,18,24
33,12,11
43,18
16,14
49,3,13
2,13
17,37
16,9,10
43,39,11,36
17,53
50,30,25
48,13
7,4
31,12,28,18,41
11,37
40,21
46,36,33,18,37
5,40
61,18
2,27,52,31
15,10
16,41
16,10
16,18,31
39,12,25,15
4,26,31,41
18,37,36,11
16,52
16,36,18,11
6,18,36
18,37,11
16,38,10
46,37
41,61,11,37,18
27,39
49,13,3,6
36,18,61
35,25
16,45,18,43
16,36,54,18
6,32,36
45,36,18
36,18
18,14
51,39
45,36,30,37
6,59
18,36,24,16,54
13,16
33,11,37
6,37,11,18,9
61,52,27,12,11
55,24
45,18
6,11,37,18
3,48,28
3,13,18
4,16
55,36,40,35
13,49,6,18,41,43
4,36
11,18
41,47,18
16,18
27,24
50,58
16,36
16,45,27
51,39,36,52
45,18
4,22
18,41
4,41,18
11,40
16,36
37,56
48,3,50,60
32,40,18,11
54,61,18
45,36
45,5,24
16,41
26,8,39
7,16
13,60
3,56
36,35
16,24
13,35
7,11,36,55
60,7
45,36
50,48,13,16,62,30,33
13,3
19,20,37
13,45,21,35
17,54,21,18
45,8,32,35,33,25,18
45,59
41,24
54,1,25
4,16
41,11,24
18,36,43,44,38
45,10
1,33,25,12,43
4,16
46,40,57
3,13,25,12
16,54
59,61
46,49,16
58,16,15,11
22,14
43,42,39,25
34,35,36
13,18
29,6,36
3,43,11,12,24
45,36
45,40,39,36
6,45,55
39,36,40
50,42,25,62
36,18,54,15
3,13
29,16,17
45,15,35
39,11,37
49,48,13
13,43
27,36
12,52,18,36,27
45,18
20,31
3,13
45,36,32,35
49,48
24,11,18
41,18
4,16,11,39
4,35
48,3
13,48
39,37
50,51,35,18,9
49,12
3,13,45,37,35
6,45,36
40,21,5
16,51,43
13,25,33,37,40
4,22
13,29,6
13,3,48,10
4,5
45,35
57,40
21,18
49,6
46,44,62
29,1,33,25,36,43
36,25
16,36,11
48,41
7,39
30,12,21
4,16
33,35
16,36
11,18,36
16,36,18
12,11
11,55
36,30,18
15,33
18,52,1,28,33
58,56
49,13,61,33,11,43,38
46,22
48,13,60,50,33
23,24,55
9,38
39,47,15
46,56,5,53,40
19,43
17,40
54,59,11,10,38
16,11,28
58,16
13,48,3
13,48,16,11,37
16,45
16,37
8,33,11,18
4,28,16,42,25
16,10
13,25,12,30,40
13,5,36,11,37
58,57,24
23,28,52
13,16,11,36,18
6,40,39,24
45,54
49,13
6,18
34,24
16,17
41,45,18
49,13
22,8,25
34,16
46,54
61,15
46,48,13,3
13,3,49
45,18,9
37,36
16,45,35,18
56,25,32,36,10
36,45
46,41,36,53,21,31
16,25,36
16,59
6,39,33,36
46,8,33,27
45,36
46,3,19,43,56
8,24
1,33
56,57,42
44,37
33,12
13,39
36,32,11
49,50,3,53
4,41,43,30
16,18
16,12,18,43,11
36,8,25,33,18,11
33,37,39,18
48,45,62,25,35
46,31,62,53,44
36,18
15,33,18,36
48,3,13,16
6,39,12
16,6
4,18
34,16,45,11,23,36,14,24
6,59,18
11,18
40,21
3,24
6,23
3,13,16
3,16,45,33,11,37,35
13,16,54
43,12,39,10
20,6,43
49,51,12,43,36
16,45,18,32
13,49,44,11,10
20,26
36,18,25
61,25,37,1,33,11,18
40,5
13,6,36,24
58,62,18
45,33
13,48,37,36,12
16,11,33,61,18,55,59,10
48,13
16,36,43,18,59
46,40,35
57,56,23
3,13
40,21
13,16,57,18
16,11,12,18
13,3,48
58,44
22,30,12,18,11,33
36,12,18
13,3,48,12
43,39
34,11
28,11,9
18,37
4,23,40,54
41,30,11
11,18
16,36,11,18
56,53,57
16,14,18
4,16
48,13,54
2,24
13,45
32,45
3,41,36,18,24
11,55
42,44
3,16,24,11
15,61,18
12,37
59,18
43,47
6,21
46,40,37
26,5,25,21
29,21
41,11,54
49,3,18,1
22,37,18
13,56
16,40,55,54,61,45,10
22,11,18
13,60,51
36,41,28,54,18,24,37
3,58
33,11
5,57
5,40
8,33,25
3,16
13,45
13,36,12,18
40,18,47
48,3,4,12
2,20,45,52,12,33
42,45
5,24,39
34,44
48,13,3
3,13,25
56,25
4,33,11
14,41
3,13,48,16
16,18
33,45
23,52
45,1,40
52,18,11,36
46,13,3
49,6
24,55,25,11
16,32
41,17,11
48,3
36,43
39,45
36,45,18
58,31
43,35
16,28,33
23,61,15,1,33,11,17
16,37
41,36,52,45
36,40,21
48,3,13,16,25
57,56
13,48
34,45
4,39
11,18
13,4,47
25,18
58,36,43
3,34,31,18,36
54,18
33,10
3,4,6,36
13,48,3,32,36
58,51,36,43,18
36,54,11
4,16
24,55
24,55
51,36
36,45
46,1,25
16,59,18,35
29,27
40,37,11
2,31
29,36,10
4,16,18,37
16,6
49,16,11
37,9
36,45,37
51,11,55,52,18
44,17
48,36,61,18,10
13,3
50,60
21,18
21,5,28
34,17
16,37,45,17
50,60
58,43
19,6,45,9
41,35
60,12,11
36,45,17
56,35
22,45,14
46,16,39
62,8
45,17
11,59
36,41,18,11
57,37
48,13,3
36,18,12,11,41,37,43
31,18,12,43
6,34
36,37,18
34,47,43
62,15
16,36,35,45,18
6,24,37
3,43,31,18
30,25
2,22,16
53,23
11,25,18
13,7
12,11
2,16,24
13,3
34,40
2,6,59
56,57
29,36,37,61,11,18,12,25
47,24,23
34,39
18,11,61,55
57,56
2,12,10
45,52
3,13,8
25,33,17,37,61,11
36,12,18,11
41,43
2,16
36,12,42,30
32,35,45
37,11
13,16
49,36,23
54,41
16,37
22,36,17,39,32,38
6,31,11,55,57
40,12
6,57
4,36,5,31,40
33,28,39
5,21,12
13,3,16,55,32,45
46,50,6,36,1,37
7,36,12,8,41
6,36
45,11
49,62
61,8,25,33
6,18
6,36,15,33,61,18
29,16
16,36
48,13,3,18
4,40,17
50,48
39,24
46,16,36,15,11,33
11,18
13,55
11,25,8,18
31,43,42
48,5
36,25,11
40,21,5
41,10
58,18,39
46,56,23
4,36,45,24,37
50,16,56,15
57,42
50,48,3
51,62,53
62,57
3,58,36,56,59,35,45
13,49
46,6,18,37,24
36,18,37
4,16,12,18,55,45,33
37,19,20,51
36,24
26,37
58,36
16,24
49,3,48,13
11,18,41
61,35,45
3,13
13,26,43
36,8,18
3,13,40,18
36,45
11,18
16,51
36,41,12,25,37,11,18
49,13
13,48,3,34,39,11
19,47
52,25,18,11,37
60,39
16,45
16,33,30,38
2,6,53,62
23,57
13,32
13,3
16,10
58,59
41,9
4,37
24,18,25
41,11
58,33,25,18
3,13,29,40,55
16,8,31,57,53,46
13,40
40,18
6,18
28,25
2,26
46,12
36,18
16,31,61,11,24,45
3,48,13
24,56,57,53
8,25,33,11
58,23,54,31,18
54,12,33,28
16,36,45,31,10,9
16,31
16,18
20,32,45
58,13,33
2,18
3,41,16
36,11,18
44,25,43
26,36,35
11,18
6,36,31,15,52
36,37,18,14,32
25,33
12,37,39
41,61,11,18
20,38
36,18
16,23
45,24
13,48,33
6,36,18
34,31
16,35
62,28,11
19,9
49,12,47,25,14,41
39,44
2,17,16,36,11
6,34,9
6,45
58,13,15,30,45,35
16,41
3,36,8,33,25,11
49,13,58,24
13,48
36,39,35,10
48,13,49
58,56,61,45,42,18,43
6,36
8,25,33
6,54
16,9
36,55,54,37
13,16,18
6,35,45
36,30
8,43
6,18
6,36,12,11,18,41
16,10
36,18,43,11
15,54,33
7,62,37
40,53
6,15,56,11,18,10
14,11
13,3,57,56
25,24,15,33,61
16,36,33,25,24
3,13,61,45
44,43
18,11
41,7
3,13
13,3
36,18,25,12,11
58,9
2,39
49,13
36,47
7,37
36,55
36,18
36,6
46,37,53
50,11
13,16
16,33,39,18
49,33,8,37,17
18,24
18,8,25
36,31
3,49,13,48,60,16,36,24,39
13,48,3,45
24,45
43,39,12,62,8,44
29,1
48,49,37,25,33
6,53,46
46,42
22,25,12
12,41
28,33,61,25,40
43,35
22,36,43,11,44
48,13,18
36,18
29,45,37
48,36,45
46,13,36,39,30
13,48,3,18
45,18
16,51
41,16,36,18
26,5
36,43
46,58,56,57,30,8
16,25
55,1,33
55,18,11
13,32
22,16,44,11,39
60,8,11
13,47,25
25,33
16,36,11,18
24,18,12,11,55
4,16,15
39,62
11,18,36
58,36,43
3,13
58,44
18,37,45,43
49,48,5
16,6
48,3,13
16,36,33,37,18,12
13,55
61,55
58,13,3,42,44
33,37
39,21,5
59,10
18,25,33
18,45,32,35,31
49,19,11,44
18,11,12
51,33
16,17
42,57
4,17
16,36,55,18,25,11
16,10
4,16
3,31,52
20,62,25,33,12,28
36,47,33
46,19,53
22,18,45
29,12,25
12,25
16,11,32
6,16,32,18,45
12,18
43,8,33,15,44,18,55,37
25,33,18,11
16,4
18,11
55,40,17
6,1,39,11,33,8,43,25,52
4,36
13,6,37
48,13
29,16
39,10
3,60
46,62,35,40
13,49
15,1,18,12,39
49,56,45
58,57,5,56
46,57
41,16
36,55
36,18
25,33
7,18
36,17,56,23
41,43
46,37
34,36,11,18,10
4,37
58,13
29,6
16,10
48,30,44,18
57,56,35
4,41
13,23,12,39
16,24
59,11
51,16,43,39,33,18,36
37,48,49
49,3
32,45
25,41
37,36,18,32
20,57,42,11,18
49,17,53
5,21
48,49,16
13,16,9
44,11,30
22,36,44,54,61,33
22,45
16,41
24,39,18
13,60
48,13,3,36,45,10
36,39,44
36,1,35
37,55,24,10
36,45
3,13,16,36,31,12
25,33,18
6,15
16,14
7,51
16,21,5
36,11
19,53
39,43,12,18
16,33,25,10
21,40
54,41
48,13
36,18,54,45,38
19,24
7,28,33,11,18
36,39,18
16,38
46,58
61,11,33,9
4,45
7,14
13,54
34,39,62
54,61,23
58,49,13,54,37
41,16
13,3,4,10
48,13
58,31,44
16,36,15,54,24,9,10
16,21,40,57,45,43,47
4,23
17,42,25
36,30,32
16,18
16,47
55,54,24,45
41,36
3,13
6,59
12,8
2,31,62
36,11
18,59
58,29,6,31
29,37,11,18,55
13,11,18,45
3,48,13,33,12,11,18
48,3
35,23
16,44,43,25
19,16,23
43,31
17,3,48,18,44
58,50,3,13,1,62,53
29,31,37,14,11
40,23
33,18
22,4,30
37,35
11,18
29,36
3,41,33,25,11,39,43
35,17
20,17,25
43,61
16,18,14
25,12
13,48
46,36,45
21,40
58,17,57,56,39
49,25
22,51,25
33,11
41,36,25,37,12,18,24
32,41
16,52,11,18
36,57
58,57
4,51
55,33
2,40
13,48,24,40,23,61,18
27,18
31,45
36,31,45,47
3,13
34,59
3,16,11,18
6,36,47,11
13,3,12
36,18,11
36,55,35,45,39
6,17,43
37,40
16,33,25
51,6
16,36,11
13,25,31
37,43,11
36,38
16,31,18
58,50,36
50,48,29,36,55,37,40
23,5,40
16,12
5,40
48,43
6,40,37
57,40
3,13
25,37
4,20,16,39
27,5,21
32,45
43,25,12,52,11
6,36,53
6,61,57
2,4,30
49,60
16,45
16,17,37,45,18
29,36
16,6
41,36,18,12
13,48,41,24
22,36,30,45,39,44,52,12,18,11
13,4,34,16,42,33,17,11
50,16
16,39
16,41
6,18,33
25,12
16,36,12,39
48,3
11,55,8,18
13,48,3,11,28,52,25,33
13,16,52
18,41
48,13,45
51,16
18,54
24,41
4,6,36,54,43,39,30,12,11,41
7,56
58,7,36
25,33,28
2,8
34,17
3,4,38
58,7,47,31
33,37
20,26
13,36,11,35
45,40
36,29,11,18
36,25
16,35
46,53,57
6,35,18
36,11,61,55,12,32,37
10,16
33,8
18,40
59,43
6,40
5,40
33,9
20,39
16,24
29,16,37,54,12
57,56,18,25
34,33
55,37,41
26,24
25,33
35,12
2,41
6,45
4,20
46,6,36,35,25,18,9
4,16,10,11,14,43
36,12,52
16,18
46,26,23
23,62
6,16
16,36,31,11,12,61
23,45
16,23,24
13,22
51,54,45
48,50
51,43,24
6,12,31,18
4,11
48,51,24
4,51,12
29,51,16,12,30,39
35,45,14
36,18
34,36,32
36,12
40,37,24
61,24
13,60
50,6
13,3,36,25,32,35
48,13
16,37
36,35
16,37
3,48,13,17,18
7,41
25,14
62,23
5,40
36,52,55
51,12,37,54
19,6,17,18,28
36,18,35
18,37
17,40
16,43
6,24
13,28
50,20,6,37,30,24,39,28,31
51,42
4,6,43,52,18
36,37
45,41
6,36
33,17
16,17,18
34,12,55,11
37,43,18
53,40
48,37
18,11,12
16,21
13,6,39,5,40
43,39
13,3,30,53,27
16,33,28,37
13,18
26,1
3,16,39
46,13,4
6,36,27,24,37
11,37
29,6,54,1,30
13,48,3
16,36,18
16,36
34,23
33,18
16,25,10,18
13,16,9,12,39
16,11,37,10
6,10
16,36,32,35,41,24,45,31
54,17
3,13
16,39
3,13,16
46,11,33
13,51
48,13,23,43,54,39
41,35,37
11,18,14
33,15
58,39
7,6,26,36
13,36
48,3,13,24,25,30,43,12,38
58,16,35,18,24
35,37
3,58,55
36,32,45,35
13,3
31,35
24,11,33
23,12,40,21
43,24,27,33,11,18,61
29,45,18
46,36,27,45,53
15,11
21,5,40
58,6,36,45,24
13,48,62
16,36,33
16,11,45,17
46,43
16,24
13,3
22,44,41
50,4,1
4,47
36,55,18,37,61,25
16,18
52,18
61,18
46,3,36,37,61,11,53,39,18
6,36,18
16,18
3,13
58,48,6,36,18
13,3,5,21
46,40
3,13,18
13,3
20,36,32,35,45
20,45
16,36,25
58,16,18
44,41,23
13,3
35,32,45
60,16,39,30,12,1,25
13,36,45,43
40,37
13,48,3,37
3,13
35,24
11,35
17,53
36,18,12,11,27
20,30
4,56,57
16,24
16,45,40,56
16,25,12,1,43,39
13,25
46,34,36,45
39,18,45
18,11
48,13,3,16
18,21
13,4,39
16,38,10
32,47
13,3
16,54,12,11,37
37,23
58,3
3,13,16,55,10
50,13
36,18
40,54,12
20,39,43,25
50,13,58
50,60
2,36,11
48,3
39,24
21,5,40
58,55
47,8,18,38
16,18
48,13,3,39,43
36,35,39,37
48,22
46,58
3,54,33,28
16,18
22,12,41
18,11
60,27,37
5,21
58,3,13,18,39
7,42,45,59,40
41,30
26,40
16,18,45
44,45
46,58,13,25,56,12
48,3
45,55
16,14
54,18
6,10
60,3
2,16,11,18,30
2,11,18,45,39
29,36,43,52,41
4,39
46,36,54,39,45
23,55
17,38
16,34,14,24
51,33
29,39
14,1,33
29,12,37,11,27
40,25
36,59,45
6,39,18,11
6,24,37
13,40
13,6,24,10
11,53
6,18,55
36,37,40,61,18,11,10
6,23
48,13,34,36,33
11,18,33,43
58,4,18
16,36
3,13
3,60,12,62,18
6,43
48,3,16
4,6,54,25,43,30,18
36,32,18
36,43
16,40
8,24
2,18
3,6,28
41,9
42,57
61,15
49,13
37,18,11
13,39,37
36,39,45
1,25,33,11,18,24
2,58,36,40
3,13
55,18
58,6,36,39,12,37,18
29,36,40,12,43
61,11,18,24
49,13,3,48
23,11
2,18,45,41
13,3,23
36,18,39
36,18,45
25,11
4,11,18
6,18
41,43,11,18,12
29,16,44,43,47,11,30
5,31,43
11,18,45
61,18,37
16,36,11,18,44,43,24,10
31,27,12
13,17,23
17,18,33
33,12
36,11,40
21,5,40,54,18,35
31,32
13,43,25,11,44
37,39
13,53
13,3,36,39,12,11,18
36,37,35
29,4,54,40,18
49,48,13
13,3,54
16,36,18
49,48,13
16,24
39,55,54
16,32
47,38
3,13,18
3,13
57,56,37
16,10
29,4,36
11,18
6,40,47,18
45,11,18
58,36,43,18
49,28,57
52,30
3,13
49,7
13,36,11,25,12,52
31,47
4,51,41,18,32
57,43,24
4,36,40,54,24,18,47,43,41
7,19,16
13,48,47,25
31,32,35
16,10
16,18
36,5
29,12
36,12
16,36,58,48
4,24
17,14
41,37
4,16
13,3,15,33
54,24
48,13,3
19,40
57,62
48,13,45
36,18
16,54,1,33,31
51,16,32,25,33,11,36,31
18,33
16,15
13,48,19,53,24,11,18,54
16,9
58,13,6
36,33
2,22,16
13,48,36,62,31,45
54,55,11,18,41
3,13,36
6,34
5,58
40,32
41,36,12,52,11,18
13,32,45,54
42,12
33,11
32,45,40
13,16,36,33,37,44
16,10
18,25
13,16
41,39,9
22,14,27
27,36,11,18
48,37
48,13,3,34
60,50,13,3,49
57,53
13,3
52,12,39
16,11,18,38
49,48,13
30,17
45,35
3,48
48,3
18,14
20,16
46,13,51,43,55,54
28,33
3,13
3,48
13,36,41,45
19,42,23
45,14,59
22,14
29,18,39,37,24
58,22,36,45
41,43
13,7,36,41,45,35,47,44
12,11,36
16,45,35
3,13,41,56,36
34,45,56
7,16,36
40,24
36,24
11,18,9
16,24,11
45,36
27,45,12,36,32
27,12
29,21,40
33,55
37,18,12
50,49,3,13
29,4,36,39
36,21,5,40
25,54
17,11
2,18,37,17
29,45
16,55,18
49,39
3,44,52,54
4,6
33,37,11
13,3
57,56
16,10
6,36,37,9
29,16,36,45,37,44,57
2,34,16
51,41
17,33,37
52,43
3,13,6,46,42
14,45
48,3
60,50,7,19
4,37,31,59
16,12
46,54,35
16,62
3,13
62,25
13,25
5,21
29,6
22,39,30
45,37
6,25,12
35,54
29,16,36,44
36,30
22,27
37,18,40
42,37
58,45,33,11,61,18
26,25
16,18
46,11,14,33,45,39
48,18
49,6
51,54
48,40
16,44
33,15
58,1,55
46,19
5,10,12
48,13
46,3
3,11,54
40,23
41,39
49,13
6,16,36,11,18,24
13,3,25
54,37,8
26,43
16,39,35,45
62,53,11
21,5,40
35,18,40
30,12,28,33,11,18,25
49,13
2,8,62
48,13,54
16,1,39,33,15,12
6,36,18
13,47
16,18,33
13,60,50,58,29,6,54,33,12,27,1,15
13,4,6,12,11
40,27
31,12
6,10
6,12
46,53
36,30
35,45
13,12,52,18,11
36,59
13,48,3
54,11,41,39
11,18
6,36,18
36,30,52,12,37
46,57
46,45,39
24,55
2,35
46,49,13,48,53,24,35
16,42,28
16,18,36,12,11
12,25,39
62,45,42
58,40
26,15,8,23,33,18
16,36,5,10
36,35
46,35
49,48
51,36,37
29,11
16,55
14,11,55
23,56
21,5,40
36,32,25
21,40
13,18
6,36,35
36,45
58,36
13,26
2,16
56,53,57
18,45
3,13
1,62,8
34,41
16,39,47,25
13,51,18,30,11
5,40
22,36,55,39
10,12
27,25
48,13,3,51
29,39,45
18,45,25
13,3,62
3,27,53,37
36,37,52,18
16,11
58,7,43
36,35
23,56,39
54,41
45,61,17,15
24,15
16,35
3,13
31,33,37,18
4,11,38
18,61
36,15
16,21,40
48,13
2,13,35
16,10
58,13
36,37,11,42
51,54
13,44
28,33
50,31,37
13,37
46,6,61,17,33,9
16,17,11
45,15
17,18
13,12,25,39,45
7,4,43,12,18
16,18
13,37
16,55,25,28,10
48,13
13,3
7,56,53
41,21
36,18,43
13,3
13,3
3,48,18,43
3,16,33
58,6,36,14,11
21,40
35,40
16,51
11,18,61
50,60
12,11,18
16,37
57,56
6,16,36,35
58,34
13,45,32
6,12
11,57,40
58,13,6
16,41
46,13,48,18,54,23
16,6
46,13,3,19,57
6,33,9
51,16,52,15,25,45,35
49,3
36,11,45,35,18
3,13,48
19,59
47,37
13,4,29,51,52,11,39,32,37
13,3
13,48
45,18
16,62,23
58,56
18,25,6
13,34
40,21
49,23
51,23,41
43,12,11
33,20
2,51,41,43,18
13,57
29,6,47,45,17,10
16,11,23,10
18,31
6,42,54
36,37
51,15,61,11,18,17
58,4,27
34,30
33,17
16,17
3,13,16
36,40,31
24,28,11,41
13,49
30,40
20,27
39,43
36,24,18
4,36
32,45
13,48,17
48,13,16
13,48,3
43,45
3,13,36,12,54,28,33,11,59,18,41
36,11
13,52,1,28,61
18,27
48,24
3,13
55,45
48,3,13
3,16,36,32
48,13,3,27
60,3,13,23,25
29,4,16,37,5,21
16,10
2,31,11,12,27
13,45,17,14,18,11
16,18
46,13,47
13,3
26,36,40
3,16,45,35
13,62,37
48,45,32,35,36,17
13,3,16,10
46,58,11,25,15,54
27,4,44,11,41,38
49,48,13,3,16
18,36,15,37
21,39,5
51,16
33,43
25,12
19,9
20,41
6,36,24,40
40,47
2,1
33,18,54,15
3,13,25,40
14,41
18,33
29,12
6,16,43
58,16,18,33
29,4,38
32,35,55
58,16,36,18
27,55
12,43
2,11,37
33,54,37,15,18,61
21,36
18,43
50,60,13,22,45,27,39,35,36,8
46,19
13,60,48
6,41,36,55,1
51,39,36
4,35
12,54,33,43,11,9
16,9
11,55
22,20,45,25,37,11,18,9
12,18,36,10
35,43,44
48,3,13
25,39,43
57,47
36,18
51,36
58,13,3,48
30,18,36
59,37,11
16,27
13,3,12,44,25
6,55,37,41,54
13,7,37
48,3,16
49,6
30,31,47
33,41
45,18
16,24,18,37
11,31,14,18
54,37
2,13,37,12
48,13,3
16,45,24,35,36,18
25,15
16,20,10
34,11
16,12
11,36,43,25
48,3,13
45,35,31,10
16,18,45,33
3,50
3,20
46,40
46,53,43
13,3,41
16,18
13,3
48,13,3
3,13,51
25,47,44
13,48
49,13,47
60,13,48,3
31,47
36,59
22,44,18,11
16,18,35,37
20,15
16,33,24
45,11,54,18
16,61,55
3,8,25,37,1
48,13
13,4
13,3,6
40,5
11,18
16,36,32
29,16,18
16,18
35,55,11,18
21,56,57
20,16
16,36
46,19
25,33
36,10
3,41
3,60
50,27
48,42,32
37,13,19,24
25,2
13,37
3,49,13,5
37,52
22,11,44,12,25,18
34,54,36,18
51,43,39
6,37
23,62
28,33,36
31,11
18,41
45,18,35,32,36
16,11
48,47
25,11,33
49,13
55,18,25
23,59
45,36,41
13,62
3,13
13,4,8
48,45
36,11
43,36
45,18,11
45,24
58,37
13,3,48,12,18,36,25,35
16,56,40
16,45,32,35,36,18,54,55
62,40,25,56,23
57,56
41,9
46,53,56
39,23
3,48,4,37
31,55
55,41
44,55
36,18,10
4,16
3,48
39,36,41,47,11
36,45
16,36,45
51,36,18
13,3
13,3,48,4,6,18
13,36,11,33,31,59,44
40,5
46,11,15
58,24
58,3
36,11,33
58,34
22,51,41,43,44,52
2,44,43
17,38
20,55
36,18
57,9
16,24,18
3,13,48,12,41
51,55
16,18,10
41,37
4,16
39,12,14,37
16,36,18,11,37
21,40
27,33,11,37,43
12,11,18,24
12,18,55
46,12
16,36
4,6,36,30,18,31,35,25
36,52
2,11,12
36,18
46,21,5,40,35
2,52
16,45
36,41
7,16,32
17,45,9
26,35
32,17
13,3
7,4
16,26,57,45,31
16,8,5,40
16,36,25,11,18
20,36
21,5
16,18
16,31,43,18,45,37
17,40
36,35
13,3
36,52,40
57,23
48,30,39
3,13,36,35,18,45,55,24
50,33
13,3,48,16,18,45
4,51
36,25,37,12
7,54,30,41
16,42,54
6,36,39,35
44,30,17,14,37,18
13,60,11,54
11,18
31,11
36,55,15,25,33,45,18
2,41,36,52,12,43,18
13,48,36,23,54,37,18,24,11
18,8
2,24
16,59
35,45,18
36,18
51,14,32
55,11,54
13,18
45,35,25,33,41
13,3
4,36
2,60,3,48
3,48,62
6,20,17
47,44
24,43
13,3,50,24
58,16,36
36,37,61,18
6,18,59
4,44,21
13,49,48,3,27
11,18,35
24,37,40
13,3,27
41,16
16,28,33,18,25,9
19,57,42,52
4,36
60,13,47,25
56,21,40
11,18,33,15
13,19
61,54
36,45
52,1,5,40,53,21
48,3,20,18
4,21
36,18,11
23,43
36,9,24,39,47
4,31
22,6,18
3,40
33,25,12
55,11,12
3,36,31,11,45,35
50,13,45
31,32,45
13,3
4,36,12,43
58,16
48,3,13
45,55,24
2,39,43,1
48,11
48,13,3,16
13,47
13,18
16,36,25,55,11,37
37,18,12
46,16
41,33,11
41,11,18
16,6,36,41,61,33,18,31
13,3,37
60,6
39,52
5,40
36,37,43
46,7,24
29,22,41
36,55
13,48,3
39,44
60,21,40
6,55
13,36,11,37
16,36,35,45,39,37,59
4,16,18
17,33
31,42,33,25
7,18
21,56,40
16,40,5,21,9
13,3
16,36
57,39
50,60,56
9,38
54,11,18
16,10
16,10
11,45
60,49,48,3,13
26,30
24,21,40
13,3,40
36,55
46,53
13,3,34,55
31,57
16,28,25,39
36,35
37,11
20,36,52,25,18,11,33
36,11,54
48,8,43
30,40
58,57,45
22,51
16,43,13,23
31,40,41
2,16,36,52,18
16,9
49,60,50,17,33,18,25
18,11
49,13,29,4,16,36,25,10,52,18
62,53,25,24
18,11
2,16,24
50,5
21,40
16,36,18,11
6,36,31,43,61,14,37
51,16
11,30
13,36,21
52,18,37
19,59
43,18
62,25
19,59,9
36,40
60,48,3,13,19,16,26,21,25
13,3
16,38,10
7,23,55
62,57
50,37,39
36,14,18
16,18
16,59
36,18,45
36,23,35,45,28,61,11
16,62
29,36,32,45
36,43
16,36,43,45,10
58,6,45
3,23,25,12
37,45
46,15,45
37,25,33
7,18,41,10
18,25
56,10
36,31,41
6,18
13,36,40,5,45,55
6,36,43,12,32
20,23
4,7,16,18,23,31,14
49,6
34,18,12
16,54,33,25,45
18,25,33
14,18
49,4,41,18,21,28,39,32
36,27,12,9
51,41
22,44,45,43,11,18
46,19,25,33
16,21,30
4,16
47,37
3,13
6,36,18,45
13,18,11,47
18,32
6,18
16,6
6,36
36,27,31,12
16,44,18
36,18
22,18
36,45,18
5,37,40
36,40,35
29,36,17,37,11,18,16
23,45
46,37
16,10,9
14,59
54,55
29,16,36,11,12,52,18
55,40
16,10
3,48
37,18
36,39
58,12,11,18
13,3,50,6
55,25
13,54,43,31
33,12
3,18
46,31
16,36,33,61,11,18,24,10
25,18,39,40
16,39
49,13
11,24
34,40
6,36,34
16,32,45
2,60
16,24,52,55,12,25
18,39,46
45,18,28,35,11
49,48,13,8,25
16,18,54
15,18,25,11
44,45,30,37,18,24
4,31
26,24
15,8
49,37,44
16,45
48,3,49,36,41
16,45,32,10
49,36
32,45
39,24
48,37
62,18
16,36,45
26,36,39,56
16,45,18,10
16,18
13,48,3,25
58,36
13,12
52,30
49,32,45,35,43,44,33,25,12,27
37,5,40,9
7,36,52
13,16,18
37,17
7,18
51,16
6,36,11,37
13,3,16,37,18,25
51,16,18
3,13
13,3
22,7
36,33,12
13,18
16,1,25,15,61,33,11,18,27
16,10
6,16
48,49
3,10
13,4,29,11,33,37
46,58,23,45,53,11
48,13
16,25,11
48,3
2,49,13,22
11,18
41,16,11,25
13,48
4,31
50,60
24,52
36,3
51,36,18,11
60,3
60,50,13
51,30,35
48,13,49,12
49,18
16,35
40,55
5,40
55,45,35
50,3,49,13
60,3
35,55,24
48,13,18,55,1
6,11,18
13,29
16,25,33,18,24
13,59,27
20,62,39
11,37
36,18
36,25,9
18,38,10
12,52
19,28,1,11,18,24
24,14
3,13,57
13,60,6,43
2,3,13,56
4,16
16,45
4,18
6,43
16,6
44,35
25,33
48,3,13,16,55
24,14
22,14,25
16,41
58,6
16,32,35,45
13,36,62
20,33,14
39,43,37,18,38
16,43
3,13
44,37
13,48
20,16
19,6,45
12,11
25,33
46,4,26,18
3,48,13,30
50,37
23,61,15,1,33,11,17
45,11,35
12,28,33,15
3,13
36,37
16,24
4,24
13,3,18
6,36
13,3,51,8
16,10
46,62
26,36
58,47
13,54
6,16
46,57
29,5
48,23
25,17
12,1
33,55
19,5,21
39,35,32
6,34
36,45,11,1,37,24
55,30
48,18
51,41,7,55
60,25
16,39
13,36,35
31,12,15
2,16,54,44,47,25,33,12,11,37
3,13,29
11,44
13,16
45,18
17,37
19,25
14,24
36,18
49,3,48
48,13,16
11,18,24,37
3,13
29,12,25,52,11
11,18
17,18,32
39,32,23
31,27,12
26,11
3,13
18,12
2,36,41,18,11
34,18
16,11,18,9,38
3,48
13,3
31,12
23,57
49,3,13
13,3
6,43,12
50,49,13,48,3
8,24,25
13,54
13,48
46,7,25,12,11
36,43,24
13,16,18
36,37
4,57,56,47
17,5
36,52,31,39,37,9
57,40
36,11,39,44
16,54
29,36,40,21
16,5
58,20,47,44
12,42,1,43,39
13,20
57,7
32,24
16,25,18
48,49,6,17
13,3,48,49
46,16,35
6,59,35
48,4,16,18,11,37
58,49,36,35,45
36,11,45,62
36,45,39
49,13
29,6,36,35
60,18
16,36,32,25,33,18,45
50,36,11
36,18
25,1,59
36,31
41,35
19,27
6,36
48,13
36,18,11,45
14,18
5,34
48,49,16,36,37,33,28,11
13,16,26
16,18,43,27
13,36
36,55
3,25
3,49,36,32,27
29,37
13,6,36,53,18
36,28
5,53,40
41,30,11,18
36,30,11,25,12
20,53
12,30,18,41,11
58,36,45,30,32,41,43
7,56
48,23
35,55,25
32,45
16,25
2,36,30,45
6,56
16,41
60,25
15,25,12,24,39,35
3,13,21,5,40
12,43
51,32
1,12
58,13,23
50,30,43,39,18,57,52
4,36,18
6,18
22,14
18,11
3,6
37,40,21
21,5,40,24
58,49,31
13,36
60,48,13,3,36,8,23,1,43
27,32
46,30,11,18,37,35
58,23
58,36,55,31,47,45,11,44
17,33
13,40,45
42,56,31
36,11
11,25,15
16,18,24
16,43,38
13,33,52,28,21,45
17,18
46,56,21
46,13,6,36,28,18,33,42
33,55
49,50,36,12,31
33,25
2,43,8,12
4,36,18
22,16,41
8,56,5
16,45
33,25
51,18
37,45,18,23
48,13,3
34,42
16,36,10
16,18
51,59
36,52,18,11
6,51
50,62,23
36,52,18
36,35,45,18
57,39
47,9
16,31
45,11,43,18,41
48,13
54,27,14,18
25,33,61,11,9
13,36,18,11,37
6,36,39,37,41,25,18
3,48,13,16,24
16,12,30,43,18,11,52
16,41
3,13,20,25
13,3,6,55,18
3,13,27
16,36,25,37,45,43,44
13,42,39
4,31
5,40
35,10
36,24,39
33,25,12
51,30
16,36,41
43,44,11
25,44,11,18
16,55,24,18
56,45,32
14,45
62,33
33,39,30
13,48
12,45,11,55,18
3,58,13,16,17,9
3,48
3,31,23,62,61
16,31
58,3,13
45,11,18
50,60,13
24,9
4,28
21,40,35,47,41,37,24
46,53
6,10
50,3,13
32,35
48,13
4,25,33,61,11,18
46,19
48,13,3,17
11,55,38
2,36,11,18
43,11
62,53
36,45,11,18
3,18
54,45,11,14
3,36,52,11,25,33,12
36,11,25,18
34,57
26,36,30
32,15,28,31
49,3
40,24
46,6,15,8,18
58,5
51,27
13,4
3,13,56
12,43,25
16,10
36,12
11,18
36,17,35,37,45
3,4,36,12,11,18
3,25,21
7,36,35,40,29,27,33
26,45,18,55,31
58,42,57,47,15
6,18
36,37
36,12
45,17
8,21
16,36,24,18
4,16,39
36,5,21,38
6,31
16,37
24,25,10
13,4
15,35
16,45,32
16,18
29,42,17
36,35,39
4,16,26
2,17,37
3,13
4,16
36,30,11,25,12
2,33
3,13
23,62
48,3
48,13
3,11,33,12
13,3,6,43
16,32,54,55
48,3,13,16,45
33,8,43
16,18
41,54
18,33,31,24,14,1,12,25,11
1,41
54,15,56
36,12
13,36,35
26,37,55,54,43,31,12,57,44,23
10,36
16,36,37,59,45
55,18
16,36
1,39
6,16,61,24
16,37,35
12,55
40,21
13,50,60,3
29,12
13,19,23
12,11,18
26,42,61
13,16,62,11,33
6,45
16,11,12,10
54,25,11,18,35
22,29,16,39,33,30
13,3,16
51,16
36,37,9
55,44
50,13,12,11,33
4,18
58,57
4,16
36,45,59,21
13,49
36,45
29,37
41,36,18
31,41,47
5,40
13,36
45,61,11,18
29,18,45
6,14
13,35,44,37,55
16,59
48,41
7,6
16,17
13,3,49
16,36,52
18,11
6,15
45,32
58,48,31
48,13,3,43
11,12
16,36
13,3
16,18,10
16,38
50,48,13,3
2,37,18
61,9
16,45
60,7,36,45
16,33,61,54,11,25,38
36,41
16,6,18
13,3
13,12
50,11,18
16,36,14,11
3,36
26,21
26,36,11
25,11
3,29,47
16,41
13,3,23
48,16
16,36,11,18
46,49,28
48,3,4
6,36,55,43
58,56
1,30,39
56,37
51,36
45,18,11,55
16,40
48,13,3,33,25,11
36,12,25
36,45,18,52,30,44,40
16,33
46,58,59,42
41,36
1,15,33,25
51,18,8,33
46,35
36,52,24
48,3,36,30,17
2,4
42,31
34,1
12,25
25,9
36,18,11
46,58,16,41,17,54,40,37
22,41
53,28,1,33,8,25
16,36,25,18
4,36,12,33,15,1,41
58,50
36,12
3,13,16
13,11
62,35
20,53,40,45,33
49,13,3,45,35,12,37,10
36,25,57
4,6,18
11,18
18,61
37,10
43,39
51,18,55
40,5,47
22,16
48,13
36,59
36,39
16,31
7,12,55
36,18,45,55
13,3
42,57
43,11
58,45
49,3,58
16,18
45,32,11,38
51,33,25
16,11
11,43
17,41
16,61,24
21,9
15,24
2,29
2,46
48,13
18,36
16,36,11
36,39
13,58,33,18,37
49,16
41,18,25,33
22,51
41,9
6,45
46,22,51,54,18,33,30,52,12,37,39
16,37,36
33,53,11
52,12
6,18
33,11
58,31,44,61,36,18,11
13,16,18,12
16,36,18,32,11
34,40
31,52
22,36
58,36,45,32
4,38
13,48
45,44
58,13,56
51,16,18,36
31,14
50,49
22,11
13,3
58,25,37
7,26,30,25,40
45,36
