1,2,3,4
6,7
11,12,13
14,15,16,17
20,21
23,24,25
29,30,31
32,21,33
34,35,17,13
34,36,32,37,38,13
39,35
40,41
45,46,47
34,13
32,21,20,48
49,50,51
53,27
55,56
53,1
57,21
8,58
59,57
32,60
4,64,65
53,17
26,67
60,21,36,32,8,11
68,41
69,21
9,8
21,64
6,46,48
56,20
50,67
65,44,48,32
71,72
29,26
44,56,73
46,71
58,74,67
46,48,12,17
20,75,55
46,42
21,3
76,48,46,6
29,46,27,77,26
37,68,79,26
12,80
37,35
1,81
27,83
69,48
9,53
32,21
28,70
86,24,11
75,53,20,12
87,59,46
29,46,7
65,44,72
32,88,21
48,89,60,75,63
75,29
27,72
46,48
90,21,70,47
46,48,86
28,39
14,24,6,46,12,25
48,33
54,92,75,48
21,46,12
93,46,8,1
46,69,39
87,72
54,20,16,25
32,21,62
94,77
50,60
59,30,21,95
53,70
8,9,83
11,24,81
35,21,32,81
96,58
97,48,74
31,22,32,86,21,95,70
40,33,18
32,21,20,8
48,12
46,85,27,70,17
8,20
8,70
46,1
54,98,21,64,93
35,64
56,29,99
35,62
76,20,51
29,27
29,77,70
98,88,8
16,20
24,69,12
88,60,11
6,17
40,48
64,36
91,53
57,72
8,33
74,48,97
23,6,46,67,1
4,27
46,36,9,12,25
6,8,44,33
48,47
3,4,42
39,21
14,74,55
30,31
93,75,12
69,46
46,56,80,83
21,64,26
37,46,7,103
34,69,24,19,12,13
94,7,46,29
57,27
35,41,79,26
16,8
60,21
20,104,19,12
90,86,21
88,64,12
71,46,48
21,42
71,81
11,17
42,33,47
24,57,12
53,56
17,28
90,57,17
54,58,11,105,25
8,83,80
14,46,6,8,12,67
14,60,8
31,30,8,82,9,26
21,86,73
88,93,21
67,25
24,70
21,11,60
32,104,8
82,5,37,69,19,30,31,70
64,51,83,73
8,24,75,33
35,65,87,44,8,12,26,101
62,15,33,26
59,27
60,55
67,25
8,86,75,80
30,2,1
31,28,77,26
58,68,59
24,28
46,76,39,64,27
37,26
14,48
60,87
46,26
29,101
8,51
14,8
35,96,58
39,88
4,8,71,74
69,62
14,29,45,53,47
57,6,46,21
97,101,1
4,100
87,60,46,77,80
53,27,26
64,26
21,97,40,77,27
4,3,53
17,24,41,70
65,32,12
11,25
76,26
23,70
75,15,24,70
29,101
70,26
92,77,101,51
100,46
51,83
15,8
14,75
58,69,57
54,68
54,52,65,84,44,39,83
99,75
35,75,21,11
91,83
74,75,8
24,48,20
24,21,43,48
64,43,27
8,33
6,46
46,103
37,26
32,45,78,11,21,47
66,11
4,71,59,27,80,1
60,10
48,41,101
71,45,99,17
71,8,21
60,68,37,26
30,31
77,95
98,64
103,7,19
2,76,42,32,8,21
21,8
71,43
36,60,11
71,4,43,35,39,18
21,69,20,48
13,34
91,44,46,103,18
54,8
21,98,48,24,96,26
5,65,44
24,71,4,69,100,103,52,72,12
75,20
53,75,27,101
56,21
48,101
56,86,29,25
46,17
37,8
104,90,21,69,24,8,70,51
55,37,26
4,77
86,33
96,7
21,53
14,32,8,75,47,10
50,75,51
9,103,11
78,45,89
64,54
37,82,7,6,48,83
53,70
24,32,60,8,46,12,1
48,53
46,91
32,21
46,21,16
70,8,80,73
27,18,26
103,7
29,77
4,49,69,37,55,26
82,31,30,26
48,10
54,46,39
14,8,73
8,21
24,29
46,42,8
8,27
24,10
83,10
40,90,20
93,98
4,52,46,84,104,48
82,6,91,7,46,18
98,24
20,77
75,8
32,104,46,6,7,97,8
20,39
6,7,46,37
20,21,102
90,63
40,22
14,48,71,74,77
22,3
75,8
19,10
49,8
21,58
39,59
4,24,26
24,63,104,51
11,10
35,46,21,29,4,74,45,12
53,8,54
86,8,9
44,65,29,10
24,65,52,44,84,72
84,64,12,27
32,21,60,12
76,7,46,8,21,12
48,80
49,7,6,48,33
20,76,48
62,12
74,8,97,21
90,94,70
28,12
20,46
21,84,8,27,12
64,46,29
35,8,37,51
61,75
31,30
54,85
8,24
48,8
96,20
60,99
8,27
54,8,18
85,41,71,26
85,62
91,6
8,70,80
93,36,98,60
21,48
21,50,96
8,57
52,44,21,95
46,64,80
92,75,27
39,8
46,91
43,74,53
69,57
53,96
62,15,97
82,16,70
6,21,33,26
78,12,38
8,48
45,101
5,13,73,10
21,42,20,8
5,46,42
69,21,8,17
34,22
53,101
49,69
39,59,35,26,10
90,49,69,62,61,39
44,12
20,22
63,75,51
53,90,1
64,26
71,21,53
44,8
57,31,30
24,17
20,21
54,8
100,21
27,81
75,53,51
93,98,17
59,57,85
36,12
35,10
5,10
49,12,70
14,47
16,20,56,46
27,17
64,21
24,19
9,37
86,97
21,54,48,46,86,67
8,21,32
23,1
21,63,101
8,26,81
8,39
46,48
24,88,75
53,21
8,95
8,7,6,46
29,71
14,91,100
50,26,10
104,83,26
91,71,53
104,21
7,6,46
35,49
39,59
21,20
76,59,103,75,26,47,51
49,24
97,39,46,93,26
4,8,80
39,35
19,96,17
103,46,7,96
14,24,17
14,75,11,33,72
69,24,32,20,75,8
40,71
20,54,35,8
8,18
21,29
22,21
21,75,64,80
85,32,21,46,27,12
21,19
32,60,17,26
68,60
103,7
17,26
31,22,70,105,26
37,97,7,69,6,80
84,44
12,10
8,36,21
42,60,58
4,71,75
49,30,31
46,21,26
34,19,12,13
104,24
60,36
28,70,51,18
66,5
40,93
42,28,104
46,101
60,44,52,73
46,6,70,26
48,65,44,12
45,8,21
24,8,9
52,84,35
21,40,24,8
4,35
66,98
59,24
78,45,60
93,98,87,75
14,19,26
21,19,24
42,58,5,26
65,11
65,72,12,26
35,70,26
46,77
24,28
21,88,50
4,6,46
71,1
94,97,30,31
34,13
49,3
75,20,22
96,39
12,73
64,12,51
65,44,48
8,105
21,46,48
74,101
58,51
60,24,21
32,70
45,96,24,60,100
8,28
21,6
21,32,85,68,26
75,48
8,32,21
76,89,63
53,17
24,68
45,17,73,38
86,17
35,29,80
45,13
78,45
54,48
53,1
35,78,12,105
25,35,46,32,60
20,83
39,75,8
68,18
93,11
58,65,84,11
24,105
16,60,21
20,17
88,37
102,1
8,39
60,88
34,28
2,8,77
21,48
27,47
94,57
35,12
53,29
94,46,105,18
49,1,80
8,77
12,51
34,13
9,8,25
14,65,52,48,44,27,72
9,8,21
24,60
48,56
24,102
8,21,46,3,26
57,29,46,97
78,45
98,8,75
6,29
20,24
38,12
65,64,51,47
22,30,31,26
90,4,81
14,61
61,26
82,70
105,81
86,46,82,80
46,17
71,21
40,46,6,48
97,53
79,101
21,27
3,8,33,27
79,48
8,54,37
86,28,12,26
37,8
90,79,15,12
75,35,70,26
67,46,26,37
64,21
8,3
93,78,65,44,24,58,70
48,26
30,26
40,20,8
64,21,77
88,24,84,60,55
23,6,53
23,12,27
23,1
8,26,81
92,70
24,12
60,24,11
46,28,6,80
40,16,27,47
31,70
60,17,26
16,20
36,21
46,63
31,37,48,6
34,13
23,88,51
57,28
44,52,24,26,80
94,31,15
14,17
2,75
12,25
45,8,12
29,59,57,2
99,8,9
50,12
43,77
53,70
4,21,8
46,54,21,48,27
21,9,41,78
32,21,33,83,73
14,42,3,24,44
27,70
6,7,37,27
21,60,61
45,32,21,37,38
4,35,97,46
77,70
62,69
5,86
69,12
24,28
21,35,102,26
100,57
24,21
75,53
57,21,26
35,61,46,91,17,10
68,35
11,17
61,27
103,46
20,33
14,46,53,6,7,96,97,87,100,17,26
4,29,46
94,82,26
81,98,23,46,69,8,17
31,77
76,48,16,67
82,26
71,36,21
46,39,67
48,20
54,8
20,27
20,24,75,47
59,80
23,26
96,27
104,8
76,46,56
44,4,8
46,63,17
77,101
32,60,21,75
23,26
21,8
8,27,18
8,78,45
36,11,46
18,26,80
21,95
69,8
36,60,26
46,21,26,67
35,2,46,97
8,86,54
36,85,34
91,32,21,12
88,60,36,85,1
63,21
42,29,21
74,40,24
4,12
79,8,46,26
21,51
30,21,77,70,95
46,68,12
104,19
47,51
86,19
45,48
76,1
75,55
45,101,73
19,34,12,13
32,21,8
14,75,16,8
8,80
35,46,70
55,13
55,12
54,10
69,24
64,37
48,31,30,70
5,19,10
34,12
31,30,82,59,60
53,27
31,30,82,8,16,77,10
8,26
78,45,12
66,60,36,21,12
91,21
8,70
14,16,9
97,60,103,32,10,26
104,62
14,103,3
9,62,60
19,26
92,46,40
104,48
14,23,2,57,27
21,24
4,85,12
60,41,6,1
8,47,26
103,46
53,95
49,26
43,97,6
19,27
2,46,75,20
50,21,26
34,13,54,51
39,35,27
75,55,20
8,60,26
76,21
41,92,77
29,54
8,15,70,80
14,21
20,63,10
35,21
24,62
45,8
29,40
21,20,26
22,17
64,35
60,11
93,8,20,77,95
12,10
97,46
24,98,10
1,26
8,77,51
21,55
14,46,70
48,79
43,71,26
56,54,15,60
14,75,51
64,70
8,35
45,8,12
24,104
92,8
19,12
20,21,48,46
14,12
50,8
48,89,60,75,63
30,70
37,61,51
97,71,25
46,12,26
60,36
23,49
46,37,60,100,53,26
93,98,50
46,27
14,63,46,21,36,77
46,76
74,61,17,51
47,80
62,21,33
26,2,48,12
29,32,21
45,62
59,49,60
71,103
78,98,57,93,26
21,39,8,46
42,69,90
42,28,76
43,97,83
64,63
29,54
60,50
14,26,8,21,36,60,12
21,56
88,26
48,70
79,12
21,32,8
14,21,36
43,71
27,51
69,68
8,20
12,105
46,53
82,70,1
37,46,35
40,8,21,20
20,32,27,47,26
91,83
52,12,72
6,7,46,96,26
35,46,87,26
76,26
103,86,63,26
48,83
53,24
52,65,63,22
104,19
45,21
21,20,8
14,21,51,26
57,39,80
21,8
91,10
90,29
17,26
12,38
60,48
62,58,70
21,62
46,16
46,8,37,105
17,57
14,8
39,16,40,33
49,8
24,56,48
14,17
12,51
53,27
20,29
34,63,103,97
44,52,51
39,56,8,80
76,97,101
24,96,68,105,26
59,64
8,12
28,104
63,27,83
60,64
48,35,80
8,98,75
69,82,31,77
46,6,89,41
46,50
17,25,12
46,99
21,80
64,39,27,14,47
43,53
75,20
32,21,20,63,12
49,26
24,8
32,21,24
87,40
46,89,83
32,59,27
37,8
2,32,21,98
23,89,51
52,4,26
99,61
34,86
97,53,46,55,42,77
14,8
8,27
90,46
48,70
9,26
8,80
8,21
8,12
21,22,73
75,6,46
44,65,70
86,46
21,29
88,60,21,5,53,19
82,35,46,97,99,39,68
12,47
8,20
39,69,24
17,7,6,39,8,46,26
37,60,88
48,27
35,37,71,8
21,8,10
103,8
75,70
46,48,39
104,28
48,44,25
29,53,33
97,71,4,67
8,27
39,26
59,21,1
17,39,46,6,18
29,36,21
21,20,12
65,44,36,75,60,24,12
58,30,31
14,8
104,48
14,81,1
71,75,2,12,72,26
19,12
4,46
8,21,55
99,27
8,79
8,15,46,70
35,29,7,46,105
32,27
71,64
85,12
21,59
23,51
44,51
49,8,80
104,12
36,21,62
54,89,11,37,26
15,29,57,60,12
78,45
78,45,39
42,8
87,8,85
24,78,45
40,89,97,6,37
9,27,80
58,28
29,60
14,87,93,48
92,8,51
37,10
41,27
8,105
6,97,46,59,39,26
76,8
82,26
48,40
3,53,101
48,79
20,50
14,89,7,103
21,53
24,8
63,15,79
35,58
35,26
21,27
68,23
7,103
71,73,80
56,64
71,43
6,46,64
90,32,12
24,89,8
36,60
60,69,75
34,19
8,46,6,80
16,60,69,62
60,8,26
49,27,67,73
34,12,38,13
30,82,89,8,70,1
5,10
75,48
40,48
93,64
8,47
20,98,56,55
19,66,79
14,32,21,48,27,83
15,12
76,57
30,8
75,63
61,74,105
78,45,17
78,45,86,46,35
55,32,26
35,63
7,6,33
21,57
24,12
43,64
54,66,24
49,67
104,21
34,13
4,7,49
17,8,72
57,21,27
7,79,70,83
58,81
78,45
74,82,57,100,77
41,46,35
29,81
37,63,10
39,8,100,69
24,58,60,68,26
48,40
64,96
27,26
17,48,27
39,12
40,48,1
6,7,81
34,38
61,17,46
37,25
64,70
104,8,69
48,16
86,43,59,60,80
88,103,45,15,14
12,38
31,45
58,100
74,21,16,8
28,26
35,17
24,35,86
19,48
21,63
14,21,48,80
4,2
44,84,65
64,101
21,36
32,21
92,20
4,74,71,29,51,26
17,79
43,46,35,91
39,79,101
69,102
65,44
17,71,85,83
2,20,3,76
97,8,25
94,17
23,104,8
96,20
20,60,56,75
48,10
85,64,51,1
3,92,94
62,77,70
6,82,27,70
8,21,45
68,24
29,104
91,67
43,53
94,17,27,81
20,53,21
63,21
8,20
98,87
20,27,73
17,12
20,10
58,24,72
74,45,70
27,51
48,2,42,8
61,102
79,20,44,65,80
60,79,10
74,12
99,89
46,101
19,48
53,3,33,77
14,2,94,75,42,97,43,53,90,83
75,14
87,50
20,75
36,34
14,83
97,6
34,99,26
32,58,80
34,27,13
21,47
79,70
20,21
31,82,70,26
21,8
90,80
77,70
9,24
14,75,8
15,57,92,83
94,48,70
50,70
20,75,22,48,8,46,26
29,26
104,57,12,51
66,46
48,70
88,11,60,105
70,101
14,31,28,70,105
57,26
19,13
8,75,93
85,39,32,21
43,2,73
8,77,26,95
29,53
53,76,54
75,50,20
53,21
31,82,30,70
6,46,65,84
21,46,33
99,26
75,29
36,89
52,44
58,10
21,20,8
65,48,9,44,80
78,45,57
17,43
44,24
74,8
35,2
20,29
8,105
14,20
79,34,76
93,60,55,12
59,24,70,18,80
24,55,93,46,7,6,103,12
46,99
92,21,48
52,48
36,46,104
65,44
89,88,80
96,20
104,36
90,64
7,96
29,26
11,64
20,56
32,85
69,21,104,79,24,26
20,21,73
89,12,26,37
6,5
76,35
48,94,69,87
35,46
3,43,21,32,27,47
48,100,101
67,46,24,8,26
78,45
32,21
37,91,43
20,25
93,21,75,8,70
34,64
42,21
8,27
32,21
57,73
20,33
7,96,68,46
14,94
54,68
60,8
36,41,55,32,21,79,45
23,15,8
20,8
99,18,51,1
12,80
98,91,69
20,24,55
32,55,33
103,79,52,44,12,72,10
49,32,35
21,26
21,46
8,32,21
24,75,12
36,37,21,26
36,103,7,38
20,33
75,54,21,104
19,102
20,42
34,46
8,24,32,21
46,7
74,12
62,69
53,23,77,105
99,48,26
29,70
23,97,70
24,12,10
79,26
48,76,26
42,24,72
60,98
76,46,48
24,83
92,29
69,5
21,20
21,8
20,12
70,26
21,8
4,35,80,73
54,37,11,27,83
24,68,102,26
24,58
69,70
5,24
104,8
14,17,74,29
15,51
32,21,20
11,12
48,75,20,38
55,44,65,60
100,41
2,31,30,64,70
65,44,54,21,20,8,72,18
69,8,24
21,20,16
46,68
45,101,73
16,48,10
86,70,26
8,51
21,32
57,90
2,48,80
21,101
8,87
60,32,21,8
24,12
35,24,46,63,47,26
48,27,101
17,26
85,21,36,75,35
46,97,48,101
13,34
40,69,48,21
89,24
29,3
76,6,8,70
21,8,83
21,44,11
64,8,26
76,55,46,6,26
51,47
34,19,73
21,20,39,8,12
35,24,86
50,17,26
24,81
26,31,71,77,17
41,55
52,44,12,72
57,73
19,25
30,70,18
20,75
66,8
4,59,49,81
17,76,37,49,105
20,10
69,24,13
24,20
14,58,40
55,103,7
40,95
24,68
21,47
60,105,83
60,1
48,40
30,91,6,27,70
8,27
48,39
86,1
75,97
24,93
103,39
104,12,27,18
98,63
21,32,69,53
37,24,68
17,70
45,8
17,46,71,76,20
52,44,84,24,65,60,21,36,29,12,72
37,26
57,26
8,68,81
104,19
21,55,12
8,12
37,68,24,83
14,35,69,70
59,57,85
8,21
55,12
99,60,69,68
43,39
27,8
78,9,40,41,60,35,61
14,46
69,62,21,35
39,24,17,26
8,10
64,75,89
46,95
43,57,101
69,97
54,63
57,44,51
11,85
90,8
93,21,12,102,10
46,50,26
5,37,73
70,1
4,98,41,48
31,82,30
68,99,37
82,48,51
8,65,44,72
55,12
103,65,60,81
8,77
34,19,20,12,26,10,13
42,30
75,32,9,8
41,15,63
14,104,36,60
14,35,69,61,59,73,80
39,80
8,20,81
62,1
59,77
24,20,12
46,35,26
21,36
35,34,19
21,8
19,10
30,77,27
48,46
39,43,6,48,64,77
2,8,70
19,51
28,21,25
56,32,45,44,63,51,47
86,87,9,35
49,69,26
2,8,43,71,83
19,12
29,77
82,64
8,44,65
54,46,73
3,71,77,73
57,70
64,12
23,26
90,64
46,67
31,67
85,21,9,35,37,60,11,26
16,40
46,8
21,8
32,21
8,12
75,68
44,64
14,80
11,60
8,77,95
79,85
56,38
29,71
6,46,102
4,74,26
53,48,20
94,46,6
48,9
21,60,8
22,11
28,64
34,19
20,42
21,9,53,27
46,7,6
39,79
28,26,70
62,77
60,61
93,8,18
8,10
69,49
64,48
88,60,19
26,7
75,21,24
25,89,35,6,46,40,7
60,48,47
14,11
71,4,34,46,27,101
4,71
21,75,51
41,98
69,57
71,8
52,24,44,29,16,20
97,71,4,105
7,6,46,48,25
48,33
4,80
48,88
62,45,12,38
37,64,12
32,20,8,21
71,14,83
66,12
64,33,27
74,89,6,48,12,101
11,24
75,8,101
45,75,64,26,38
45,78
24,8
8,63,69
97,19,67
15,27,101
24,8
21,48
48,21
103,7,19
93,98,37,36,75,26
75,11
93,98
44,65,12
21,36
59,70
64,70,26
6,3,92,8,12,27
86,76,62,26,81
21,46,101
23,8
46,60,12
46,11
24,46,21,12
61,105
74,3
90,94,83,10
16,94,83
4,8,51
43,3,53
4,44,43,12
30,70,101
16,29
20,21
46,16,48,39
56,105
97,101
92,94,9
17,18
9,102
80,81
29,67
29,68
17,90,69,8,27
4,53,29,33,77
64,21
53,29
16,20
104,19
48,24,103,46,54,26
64,95
69,85,62
24,26
24,48
76,53
56,24
8,12
44,19,24,26
5,23
98,12
35,24
21,65,48,52,44,12,72
11,6
8,48
46,49,69,93,52,8,26
35,22
35,73
74,48
20,75
16,40,64
32,21,48
23,16,21,90
9,8
64,95
21,33
21,20,67
69,11
20,32,21,8
54,11
23,21
21,15
64,12
14,34,36,19,54,18,10
24,55
64,80
43,70,95
84,65,52
17,35,60,96
43,64
48,21
92,35,40
7,54,63,60,32
43,27
85,50
21,57
8,93
14,91,12
69,101,51
37,8
96,60
100,37
20,21,32
49,68,83,26
60,88
75,4,26
58,1
31,30,75,21,40,70
24,8
46,67,38
48,18,73
14,16,41
21,8
12,26
7,48,6
39,8
65,23,35,100,70
15,89
48,12,67,25
36,22,60
46,6,8
14,24,98
26,25
14,74,7,6,70,47,26,1,80
17,58
23,21
12,81
32,21,53
7,103,60
46,68,7,96,37
32,20
6,27
43,53,29,4,71,86
5,66,24
103,7,46,18
24,21
98,88,12
3,17
103,7,96
21,98,60,9,40,64
53,46
58,24,75
52,72
21,26,67
66,9
32,21
85,12
4,71
53,26
103,7,46,8,51
32,21,83
46,9,84,52,75,11,27
57,27,26
46,21,70
20,21,22
24,58
8,12
21,20
103,46
35,28,27,101
40,42
41,26
21,70
16,20,21
4,42,12
5,103,63,46
44,64
11,60,12
21,20
61,75,98,60
8,10
52,55,26
43,64,4
20,67,73
16,24
20,21,64,73
57,47
36,84
8,77,95
54,7,97,44,64,72
46,18,73
17,77
7,26
53,67
34,13
55,70
46,75,26,25
90,69,76,26
7,6
98,50
65,60
52,44,46
48,47
15,8,98,75,86,14
98,71,4,29,74
96,8,46,27
8,46,47
54,48,46
17,44,72,65,10
46,63,43
29,46,67
21,4
14,94
46,70
75,21,36,60
48,44,27,47
82,31
103,46,79,26
64,26,95
100,37
31,30,70
35,8,18
37,62,26
58,70
82,70
82,70
39,48,44
51,81
21,12
36,99,28
8,87,21
14,27
8,54,70,80
75,105
11,18
23,70,83,81
24,96
14,95
8,58,40,1
2,75,71,8,12
46,21
103,43,30,31,101
93,80
3,55
9,21
4,2,8,101,51
94,104,19
53,99,46,67
6,91
17,100,26
29,7,64,26,81
74,53,43
8,51
33,80
35,54
2,58,83,1
14,59,1
4,43,51,80
8,51
53,81
56,36,99,104
24,12
24,8,21
14,39,94,8
69,8
14,48,69,46,70,26
91,92
61,71,17,43,27
21,8
19,24
35,46,48
57,101
79,16
8,46
90,57
15,94,103,8,58
52,90,77
8,73
24,86,35,9
32,21
100,14
71,70
43,11,35,80
43,46,6,7,80
23,8
92,28,77
100,37
63,27
64,43,95
24,21,47
29,80
23,26
14,45,72,80
37,24,29
97,46,39
14,21,58,53
8,18
32,21
24,17
17,12
9,60,96,50,37,58
63,40
27,47,73
46,7,103
91,104,27
39,7,61
29,27
57,8,81
8,21,65,44,67
42,77
7,46
104,2,4
19,70
75,21
2,43,48,27
21,63
97,6,18,80
4,2
17,11
58,48,25
58,46
46,81
28,2
90,70,51
48,80
21,36
11,26
64,36,60
87,10
104,8,72
8,5,27
32,8
35,59
24,8,18,73,80
46,97,101
35,85
4,53
46,62
6,99
17,57,46,25
60,20,32,21,88
12,27
17,35,23,85,46
31,35
20,55
31,86
29,70,101
5,19
8,51,26
54,20
41,88,75,93
21,8,18,80
98,93
4,73
85,8
36,60,5
3,4
8,21
23,46,21,99
69,75,40,64
60,78
60,105,65
49,67
89,54,47
12,105
48,32
61,77,81
7,55
75,63,104
97,41,6,8
6,80
60,68
48,20
4,46,48,27
42,28
21,103,37,25
97,83
17,104,21,26
21,32,29
58,34,19
97,30,46,6,70
68,101
24,58
48,12
33,27
54,31,30
60,85
64,26,1
57,32,72
24,8,70
46,25
6,27,26
5,27
46,87,25
20,75,85
30,31,70
32,21,11
32,11,27,26
92,67,70,64
97,46,35
21,8
34,79,19,13
49,46,50,27
53,60
4,31,97,37
19,12
4,48,6
75,84,69
12,25
31,92,26
46,55,12
31,8,12
14,75
90,3,21,28
65,44
3,2,27
42,75,53
15,63,72
69,32,26
6,46,48,10
56,50,14
21,48
61,37
20,55
86,80
71,83
49,26
71,3
97,105,83
54,42
21,77
50,37,60
94,57,51,80
46,32,21,20,8
40,20
14,44,48
55,41,20
50,21
48,26
21,16,27
64,94,18
8,3,47
53,21
43,102
9,12
34,28,46,7
35,46
8,27
69,20
60,11
94,11,5,35
74,17,46,35,97,25,75
62,77
75,48
8,79
2,70,26
54,90,21,22
98,85,26
35,96
96,50
21,20
42,76,63,33
63,83
21,79
47,51
8,80
65,81
64,8,77,95
64,46,17
21,27
21,80
46,54
17,48
63,60,32,21
30,80
29,77
40,73
100,24,12
75,45,78,12,80
35,8,26
49,21
66,105
87,99
24,23
8,80
78,45,21
57,44,52
21,58
3,46
16,75
89,39,46
31,30,70
23,17,12
48,77
60,20,21
21,48,27
52,75
30,31,77
8,87
69,12,26
21,8
4,15,8
43,48
32,21
8,12
32,21
12,72
28,34
21,75
89,29
23,70
40,87
60,98,85
4,77,47
29,35
78,46
8,98,87,36,21,80,73
34,21,19,13
12,53
14,8
8,79
40,89,97,6,37
56,64
34,12,38,13
75,48
93,64
7,6,33
64,96
61,17,46
88,103,45,15,14
21,36
92,20
61,102
8,47
29,45,87
8,41
93,60,11
68,51
39,69,85,26
21,96
39,8
8,87
93,12
86,85
46,20
11,51
36,21,8,12
42,8,27
94,46,54,6,7,39,12
11,12
8,46
82,48
8,93,64
78,38
20,21,32
48,52,24
20,32,21
46,21,20,48,10
98,68
14,79
14,12
7,6,46,4,71,48,27
32,21
11,21
62,64
103,39,27
52,44,54,12,18
24,21,73,80
46,25,8,35,67,82
49,58
86,46,8
104,28
71,24
68,54,2,82,81
32,2,65,73
60,88
17,72
74,26
75,66
65,84,70
105,26
65,52
49,8
24,20,83
6,69,46,70
94,18
54,46,6,11,8,12
53,12
17,54
54,39
45,38,80
62,102,13
69,24,56
79,8,4,82,69,51,26
54,8
32,21,60,24
17,46,12,51
45,44
40,21,55,24
34,13
20,55
29,46
46,7,103,59
62,47,51,18,80
41,46,12
6,7
9,11,75,51
82,7,70
54,82
4,48
21,8
32,31,41,8,26
46,97
8,33,51
45,10
86,67
34,3,28,13
42,20
64,56
57,82,75,8
40,20,64,32
39,26
31,8,79
8,98
81,94,49
39,21
14,8
40,20,12
54,56,21,6
46,25
31,80,83
21,12
46,23,53,104
68,46,12
12,102,70,38,13
21,64,26
46,21,15,69,53
46,20,21
48,80
55,21,20
3,58
24,5,69
76,17
24,20,27
76,39
94,33,27
89,93,8,26
8,20
43,3,47,51
35,46,64
49,100
94,42,27
29,45,87
27,25
21,11,66
8,104
32,21
8,9,27,80
35,59
63,61
53,70
71,61,12
99,50,81
75,8,12
17,95
96,44
86,8,16,40,47
14,103,61
71,29,4
54,69,89,98,8
53,35,18
21,100,26
6,69,51,80
28,104
44,46,71,65,4,12,67,25
6,46,7,24,77
14,76,26
21,8
14,60,45,25
62,26
4,46,86,101,26,80
1,8
14,73
56,47
35,96,7,103,68
20,24
57,48,104
14,3
71,43,44,101
64,6
47,51
60,85
60,46,37,8
36,60,8,43
31,30,70
21,80
8,46,70,47
54,55
15,35
61,100
28,81
75,77
29,53
15,21,35,24,52,54,11
91,86
94,3,24,28,81
23,55
93,87,64,80
12,18
21,20
71,53
52,8
8,22
84,65,44
79,60,70,26
14,8
46,26
14,48
46,51,26
91,82,26
92,3
11,83
46,60,6,25
46,62
6,46,57
74,17,51,81
41,40,63,95
27,26
100,60,46,6,7,37
29,21
21,8,20
46,63
53,102
29,45,94
32,8
9,48,21
97,6,7,46,12,26
10,46,7,12
24,12
35,48,77
21,29
3,53
76,26,67
15,28
91,58
8,64
28,12
20,21
22,46
14,8,44,21
75,8
6,21,88,11
65,8,44,72
62,76,104
2,6,46
21,8,32
81,25
14,59,72
23,8
61,9
28,20,8
90,39,100,69
48,64
7,103,26
103,86,84,26
53,47
14,7,46,60
28,104
7,35
29,16,21,46
31,30,8
34,13
29,51
54,46,39,21,8,47
44,46,8,101
44,8
41,85,27
46,77
48,60
4,71,74,81,10,1
8,12
59,80
69,101
17,26,67
46,19,70
53,95
6,46
75,96
6,46,61,69
14,67
34,64
21,49,26
63,7,8,12
17,39,75,9,80
18,67
4,81,25
54,49,11,26,38
59,60
79,76
7,24,46,80
94,29,26,101,74
46,48
21,4,77
62,93,98
94,37
86,46,73,51
90,84,80
21,22
53,57
44,8
57,39,101
15,46,4
8,12
39,48
12,67
37,24,51,18
57,4,71,48,12
34,44
11,79
20,16
24,100,63,58
14,86
46,26
35,86,46,70
28,27
29,77
46,64,40,9
20,40,22
86,27,47
46,76,45,75,48
21,26
75,47
65,84
75,36,24,77,26
34,13
78,45,87,9,96,85,10,38
7,24,8
24,75,68
20,21
7,26
20,21,62
65,84
9,40
44,8
37,58
29,80
4,53
92,24,80
45,79,38
8,20
39,11
76,104,22
20,21
76,91
97,40,76
88,21,60,48,12
21,86
78,47
46,44,73
32,21,23
20,21,8
6,46,26
64,10
8,32
9,51
97,95
44,104,8
4,46
59,33
70,82
4,3
19,70
12,81
8,12
55,12
82,23,7,46,67,80
68,12
39,29
70,83
20,21,8
75,20
46,48
71,9,21,80
21,48
28,104
88,45
14,21
35,17,97,59,12,67
14,77,10
26,81
2,48,103,26
19,10
23,71,3,4,2,43
76,53,67
90,85,77
38,10
46,100,97
62,69
60,12
2,8,77
21,48
12,51
34,13
9,8,25
48,56
78,45
38,12
105,81
17,46
14,19
97,53
79,101
75,35,70,26
67,46,26,37
64,21
60,8,24,26
8,3
48,26
40,20,8
64,21,77
88,24,84,60,55
23,6,53
23,12,27
8,26,81
24,12
53,27
14,80
31,70
16,20
86,46
34,13
94,31,15
14,17
20,21
45,8,12
99,8,9
4,21,8
94,4,29
46,54,21,48,27
32,21,33,83,73
14,42,3,24,44
35,21,36
35,85
21,26
24,35
78,45,35,8,12
36,77
45,26,78,38
97,91
49,69
52,84,54,20
21,19
90,54
14,46,75,49
39,86
28,84,52,16
21,20,17
29,88,27,51,83
21,75
9,87,73
37,13
81,61,17,97
46,58
30,51
64,80
97,21
36,39
39,62
71,31,48,27
23,2
32,64
14,60,37,26
43,4,8
37,8,77
75,42,8
17,102
8,21
8,20
8,70
65,84
21,20
55,46,21,36
58,68,105
48,70
21,36
75,55
75,29
24,41,21,60,11
39,46,24,12
46,12
74,51
48,60,36
69,46,8,35,97,70
21,32
11,62
48,9,12,27,10
77,26
90,26
4,46,73
2,40,9,41,26
34,19,13
21,8,18,26
78,12,38
31,82,70
44,65,8
45,78,8,38
84,80
44,65,35
18,80,73
2,61
40,87,63,12
46,39
11,12
41,39,6,67
84,44,38
46,25
24,51
4,48
37,5,101
79,21
43,71
65,44,98,60,8,18
54,96,9,68
92,46,7,6,77
58,8
21,32,33
34,52,27,12,13
4,8
19,55
94,39,64,33,101
35,100,64,9,39
42,8
42,29
44,12
30,99,8,70,80
8,20
37,16
8,75
44,52,45,12
39,28
52,82,79,90,49,69,37,12
48,75
27,26
4,73
52,67
26,80
8,75
53,29
30,92,27,12
44,8,21,27
26,80
55,79,26
23,39
70,26
46,29
46,48,70,26
24,8,26
20,33
8,40
75,8
37,26
104,12,26
92,31,52,44,37
52,44,65,15,12
14,8,27,26
48,73
86,75,8
28,86
19,72,26
14,46,5,24,70,26
24,26
46,7,68,26
44,72
29,31,70
11,12,10
19,52
60,12
94,21
72,26
39,59,15,26
104,24,27,26
86,46,24,12
32,21,8
14,21,48
65,19,14
8,24
75,8
29,28
39,79,64,46,26
14,65,44
29,101
24,44,26
86,9,104,26
8,23,72
48,51
21,101
20,44
31,11,27,26,67
26,37,52
39,26
29,30,39,31,27
79,65,28,80
39,48,28
48,19,52,26
37,26
36,60
46,100
44,37,26
48,12,101
8,52
28,12
49,53
65,37,69,52,26
8,27
27,80,26
63,75,26
92,63
8,26
76,67,25
8,70
46,52,37,26
35,59,72
26,80
23,8
48,30
94,8,39,101
8,86,16
19,67
44,84,52,45,78,12,26,67
79,8
52,16,28,26
37,75,70,26
46,37,28
48,64
69,51,26,10
21,48
93,46,31,29,27,26
63,8
86,16
100,11
86,22,89,101
8,80
48,12
44,48,21,32,27,18
37,26
44,8
69,76,24
33,101
8,48
48,80
19,12
39,14,18
51,73
8,27
21,8,73
4,8,27
70,26
52,44,27
46,79,32
52,69
37,72
74,8
8,44
91,53,46
64,29
84,44,52,72
46,27,26
52,37
19,1
8,39
39,44
40,27
104,44
24,28
28,16,21
8,27
20,8
69,44
75,40,87
70,26
15,8,44,46,77,27,26
40,22
48,36
16,21,8
8,42
8,20,16
28,27
54,26
21,16
69,24
71,1
75,26
104,16
21,8
50,80
60,8
4,3
92,43,27
91,1
54,42
11,40,63,27
21,10
87,40,75,46
57,102
98,48
65,12
32,22
8,28
17,101
48,27
17,54
35,46,37,50,93,98
68,97,17,70,101,83,26
2,26
84,72,65,44
8,33,70
57,12,47,51
3,24
6,46,47,51
21,11
75,20,46,21
34,12
8,9,10
56,92
92,21
14,46,8,71,101
52,29,21
69,52,26,13,34
32,29,105
29,46,73
32,20,8,21
37,85
44,21,63,20
49,35,100
32,45,51
34,19
61,81
32,21,46
30,31,62,79
17,82,64,70
96,11
69,7,46,61,70
11,21,75
75,20,12
48,12
14,98,32,21
21,20,8
46,77
91,66,8
74,12
90,12
85,62
20,24,12
75,80
75,21
13,104,10
44,84
53,81
12,10
20,21,73
93,98,101
8,26
29,4,27
46,49,69,93,52,8,26
37,46
43,2,12
76,97
28,12
8,26
63,74,26
94,62
78,72,67
14,49
98,24,12
21,91
14,27
8,75
16,21,24,46,25
75,32
97,26
8,52,44,72,51
54,21,8,46
61,37,58
94,28,80
46,18,26
104,27
30,70
69,85,24,12
34,20,21,28
94,104
60,28,27
98,60,85
88,8
50,33
100,6,91
60,8
14,55
36,21
65,17,44
48,10
97,46,101,1
8,27
98,9,24,69,35,89,8,12,1
29,53,77
8,26
15,8
40,39
44,55
46,6,67
94,23,43
20,55,64
91,58,24,80
52,21,32,8
65,80,46,35
14,56
42,26
96,50
48,20,8,21,46,54,31,30,62,55
23,11
78,70
78,45,100
58,31,11,18,51,10
77,51
22,95
20,26,67
46,103
71,20,24,63
48,27
35,69,24
34,28,13
16,18
62,55
21,27
46,8,47
4,29,94
17,41,83
65,60,8,88,38
75,8
8,15,80
46,39,90,69
3,71
17,3,8
8,21
8,38,78,32,21
14,35,46,26
23,27
85,58,17,8
71,24,12
15,71,82,29,70,26
46,8,75
15,59,51,80
46,53,51
31,30
21,32
4,46,91
35,26,80
65,44,26
46,97,53
2,103,39,46,18
32,104
24,60
44,70
6,28,104,33
21,8
23,73
20,75,56
32,2
14,7,6,48,46
87,40,8,12
60,32
17,75
21,8
21,35
30,31,8,70
56,8
14,10
94,43,40,46,48
101,48,32,24,21
21,51
46,101
57,16,49,75,80
14,48
28,69
19,12,13
35,46
60,98
8,26,80
91,61
53,44
49,28,26
20,21
24,32
60,10
8,60,69,21
60,11
36,21,27
82,54,7
41,24
20,38
12,10
85,12
30,29,71,70,83
45,78,8,12,70
16,63
46,103,35
35,61
89,65,51,10
7,80
8,33
4,37,9,21,36,41,60,26
19,33
8,32,21
22,8,27
28,27
48,21,20
37,67
21,35
55,12
20,75,8
48,51
66,62
14,68
14,67,25
28,56,101
84,21,76,46,20
55,12
24,65,44,8,72
21,75
21,8
20,46,29,67
60,2,17,47
14,75,86,59,26,1
44,14,51
79,46,63
34,13
29,104
20,8,12
14,71,35,8,46,24
76,97,27,73
32,75,50
34,44,69,24,25
52,78
99,8,80
43,8,86
8,60
57,73
8,21,36,70
31,70,94,26
6,46,28,101,1
40,63
36,48
19,26
79,39,26
100,26
21,20
21,48,62
82,94,61,105
29,21
5,18
46,77,83
57,94
2,8
8,41
14,42,27
2,1
48,51,73,80
19,12
76,53
48,42,20,37,21
63,32,21
98,70
40,16
90,10
84,26
21,8
46,27
19,73
21,16
28,104,27
48,101
44,14,94,53
12,26
32,85
5,24
27,26
57,26
76,22,26
6,46,49,20,21,26
40,21,55,24
48,16,9,12
69,63
90,69,10
54,46
98,10
86,30,31
52,78,29,38
6,48,45,75,54,46,70
46,35,105
64,75
21,8,46,24
52,21,44,48,46,72
104,10
3,94,53
46,57
2,15,8,105,81
21,20,10
20,21
14,21,36,8,80
21,17
40,91
8,46
21,62
69,55,12,72
4,71,3
54,105,17
3,8
89,50
6,46
4,51
8,75
28,47
48,75
96,46,7
32,21,8
99,80
60,21,59,12
4,77
48,62
12,26
89,8,39
31,30,29,77,70
60,41
19,24
29,27
14,46,90
14,60
35,98
8,70
90,29
63,67
8,69
14,41,85
18,51
71,97,17,101,26
48,20
85,24,19
48,89
54,27,67
74,3
92,59,51
8,20
24,89,60,21
104,19
36,21
103,70,105
97,37,76,56,83
11,62
15,5
14,8,73
86,4
69,8
55,12
46,67
21,8
69,12
44,65
58,7,6,70
35,75
58,35
3,11
84,17
24,34,27
26,1
39,11,104,102,25
6,46,7,48
15,83,26
14,2,91,12,47,51
29,21,1
7,103,90,51,47
24,104
75,8,6,76,15,12,51,26
54,69,21,32,77
77,51
46,25
14,68,37,8
20,60,32,21
32,21
65,58
27,70,26
8,25
28,65
14,36,21
58,21
24,46,39,48,47
11,81
8,26,81
1,86,31,23,82,61
46,48
21,55
9,8,12,10
27,18
46,67
14,7,103
42,102,26
46,41
46,6
16,8,33
36,21
28,79,102
65,52,48,10,38
24,6,48,64,69,66,70,81
35,37,66
94,53,67
48,47
49,77
20,21,10
24,60,15,81
20,8
54,27
8,46,7,6
24,39,89,8,12,26
78,59
69,57
57,10
21,29
1,49,74,24,4,71
46,75,55
14,8,72
8,17
46,53
6,8
45,32,8
62,10
3,26,70
57,77
75,45,7,103
50,46
44,12
69,7,11,88,46,21,18
7,39,96
34,28
99,45
21,67
8,24
4,74,71
14,80
48,26
48,17,26
27,26
34,13
76,44
94,35,11
96,17
24,61,80
14,21,24
14,37
74,79
62,49,101
92,48,70
103,51
97,67
8,64
4,8,59,39
24,21,53
24,74,69,72
86,98
48,33
30,9,16,26
92,70
71,3
63,22,29,48
49,6,3
46,20
50,17
75,21
14,60,7,103
32,21,44,18
30,53,77
94,21,24
75,26
76,27
8,24
94,104
54,27
64,89,99,12,83
75,59,101
94,32
14,54
40,27
64,65,21,51
69,101
44,29,57,80
104,8
20,21
79,8,56,71,3,89,70
36,21
30,60,36,31,70,82
21,48
28,49
53,29
9,27,18
47,51,80
14,52,21,8,40,16
83,26
19,55,63
94,48,27
43,23
20,48,64
75,86
15,8
21,8,26
2,46
42,48
39,15
46,8
97,75
39,11,75,73
24,8,70
94,8,47
8,33,12
46,6,91
19,69,12,10
35,20
37,8,26
24,1,39,26
21,17,51
35,8
97,56,48,88
57,104
7,6,46
96,61
76,101
24,74,12
35,8
16,79,8,26
46,67
8,24
21,8,26
36,13
46,92,21,43,27,101
103,26
6,7,46
8,70
66,98
8,79
76,48,77,47,95
20,40
20,21,26
99,56,17
46,76,21
65,84
65,44,104,19,24
103,8
34,84,65,44,19,26,13,38,10
41,58
21,48
14,60,32
24,65,44,52,72
8,80,73
14,6,46,26
8,70
17,26
46,55
37,104,49
35,46
48,33
104,1
60,13
46,6
35,11,68
97,101,26
69,26
40,20
64,92,49,69,3,29,24,31,30,86
46,76,3,53
39,66
61,96,60,11
43,29
54,90
23,1
46,76,37,102,26
14,28,24,26
32,11
24,35,41,17
65,44,75,64
57,34
62,24
22,12
46,67,25
36,21,59,69,62,12
28,26
24,44,75
21,20,48
104,19,24
5,58,35,102
93,89,55
58,62,51
42,51
99,8
62,21
8,27
36,8,104
50,5
32,21,72
53,77
46,86,3,8
78,45,21,19,47
35,91,76,73,47,1
17,10
60,48,39
37,8
92,40
24,50,60
103,69,64
32,10
94,48,46
78,27,38
56,44
87,8
45,60,38
94,75,21
55,56,45,52,44
37,73
62,34,35
82,6,7,46,70
91,6,3
64,47
4,60,77,95
58,54,35,75,44,73
97,3,53
100,5
4,81
21,20,12,10
79,24
94,24,35
104,102
32,21
11,66,12
6,97,46,48
21,10
88,7,60,11,17
46,35,92
104,48
39,81
21,69
78,45,12,18
94,77,81
16,51
40,12
2,48,95
21,92
39,28
6,46,67,81,25
24,37
24,46,86,99,12,67
21,20
87,39
62,7
46,48
9,93
24,72,18
93,98,60,66
7,11
4,51
19,104
76,8
93,98,12
24,69,103,7,46
79,77
32,21,53,2,47
96,70
53,61,77,101
60,80
46,27
21,48
84,65,44,60,72
68,56,51,80,73
60,32,21,17
64,49
15,28
30,41
48,71
48,2
21,8
16,6,20,63
61,12
90,27
104,8
79,26
21,32,36
99,27
20,104,70,10
98,89,46,8,12,17,26
3,24,77
32,21
20,32,21
65,44,84,5,12,81
48,8,60,98,93
46,21,99
34,27
21,105
57,51
28,104
26,2,48,12
90,53
46,20,21,67
35,46,8,26
46,100
2,31,8,46
41,36,51
40,33
86,45,78
46,96,86,51
90,69
99,59
5,12
104,94,46,95
69,70
76,8,2,101
48,51
44,48,80
48,46,57
21,98,60
21,29,64,46
20,64,63,75
88,8
104,48
14,70
30,29,70
45,81
21,8
56,86,83
63,18
64,36,55,26,10
6,7
14,29
46,97,6,80,26
8,83,26
54,26
103,60
8,6
8,46,21
41,99,79,46
29,77
54,8
6,46,48,12
39,46
54,99,8
104,22,47
20,32,55,73,10
76,69,59,83,67,80
81,7,18,70
92,2,4,48
60,99,32,44
62,12
85,12,26
21,63
35,64
17,39
21,47
8,27
102,26
21,99,28,58
48,85,6,26,1
60,22,20,21,67
7,24,41
46,8,101
97,43
60,18
20,22
20,21
42,63
60,41
7,6,46
24,35,48
24,28,13
65,44
60,69,33
46,48
4,71,6,7,61,8
14,80
8,95
20,48
29,17
21,20
84,57,75,36
60,8,105
97,46
2,70
65,71
41,98,35,11
38,44,12
60,11
54,46,76,26
84,65,44
21,75,77
7,103,93,10
20,26,81
23,28,51,47
35,48,27
20,8
39,35,51,18
46,7
5,60
48,71,4,44,12
24,20,69
60,36
82,69
8,87,77
56,38
6,7,46
88,12
75,25
104,19
21,93
58,61,38
50,82
14,71,58,26,1
65,44,75,87,81
89,20
31,70
21,20,10
30,48
66,105
3,71,6,48,104
71,75,12,27,17
20,12,10
48,32
94,43
65,44
24,52
75,8
44,72
96,32,88
55,42
24,96,50
8,40
32,8,24,70
14,44,65,24,8,105,83
3,21,28
75,48
46,72
46,44,72,12,47
7,85
14,60,69,8,18,80
45,46,19
31,28
103,92,26
21,36,27
75,20,8
22,26
35,71,86,8,12
93,66
9,68
63,4,71,75
71,4
24,21,72
53,26
2,27
46,75
49,61
39,77
14,36,12,51
29,46,77,95
35,60,25,10
50,37,39,104,21
83,26
93,20,46,8
8,27,12
65,44,39,8,67,6,73
23,75
12,26
37,70
67,63,46,49,105
24,69,80
16,8
60,76
14,35,21,24,63,70,26
20,8
98,61
58,10
17,8,21
97,46,48
54,12,67
97,46,26
87,48,72,12,26
39,46,75,7
37,70,26
32,44,16,51
14,85,42
45,6,27
35,51
53,97,26
12,51
21,8
5,35,102
17,60,89,44,52
5,79
62,60,89,64
21,55,60,20
60,36
61,46
35,4,20,77
32,21
41,32,21,8
8,37,105,47
55,78,45
24,46,70
32,42
57,77,70
20,21,48
26,17
48,51
20,21,32
57,71
64,69,70
5,12
24,35,36,27,12
21,54,46,20
31,70
60,53
57,23,63,12
39,80
8,9,37
43,71,12,101,26
22,12
86,102,51,13
60,44,18,26
78,45,75
82,69,4,26
21,73
14,11
89,60
24,75,10
46,48,60
30,31,35,46,91
31,30,71,4,53,77,70
21,8
42,76
86,12,25,81
39,19
29,94,43
17,4,71,85,98,24,35
48,105,67
8,12
85,24
6,7,46,61
6,48,37,46,39,99,21,67
84,44,5,12
49,37,54
21,8,18,51
3,27
16,84,11
75,53,21
46,8
4,57
46,71,40,27,67
9,27
79,21,24,12
69,56,26
88,12
99,28
60,35,62,24
20,21,51
75,8,46,54,26
46,76,104,12,26
8,26
20,55,12
83,26
2,60,99
45,78,28,5
11,99,32,21
100,103
104,19
48,21
46,39,99,8,26,18
79,8
24,75
8,10
60,88,69,20
83,26
26,31
57,53
90,46
21,8,20
20,8
34,19,38
75,40,77
46,24
87,9,79
37,46
86,9
11,103
46,48
69,17
32,27,67
6,7,40
7,6
32,21
71,4,8,26
71,100,12,18,80
97,46,47,95
24,20
21,17,35,8,102
48,71
44,71,29,12
8,43
44,84
62,77
93,8,104,28,27
29,80
84,62,102,26
75,87,65,66,44,52,69,85
60,61
3,28,77
12,27
46,75
48,61
46,61
16,60
46,41
60,24
48,20,10
46,4,47
35,8
8,69
21,99,80
71,4
43,53
41,86
78,45,38
57,97
37,46,69
30,31,26
48,54
60,8
4,57,47
45,78,64
94,58,8
98,93,8
46,103,7,62
69,64
40,8,12
12,102
23,90
8,96,16,85,37,87,41,18
44,65,91
69,62,11
9,80
29,24
46,103,48,67
30,31
90,60
29,21
69,1
74,51,73
17,75
46,54,24
2,53
69,49,8
35,46,7,6,86,8
46,86,35
17,2,82,51
90,34,5,9,28
21,36
46,71
31,60,68,26
35,18
50,70
94,77,81
1,46
4,3,29
5,11
14,97,46,28
46,6,7,101,26
92,8
103,7
46,7
43,8
24,60
8,27
16,15,59,70,51,80
76,46,78,21,81
8,21
8,70
46,86,8,26
76,46,95
87,73
29,70
90,22
23,4
77,70
59,81
36,16,69,11,62
23,20,77
39,57
65,29,44,9
64,21
86,105
46,37,68,26
21,36,102
48,75
21,36,56,10
54,29
53,3,33,77
32,105
15,39,65,43,17,29
67,27
45,12
49,102
69,18
32,60,64
34,19,73,13
8,94,70
58,27,70
21,48
67,39
85,39
48,85
14,89
53,104
49,17
104,21,5
56,32,8,16
84,52,12,26
35,54,46
101,51,81
103,7,46,43
85,41
50,21,8,11
60,40,21
54,35
92,28
21,104
84,65,68
31,80
84,65,49,31,15,69,48
104,53,27
22,21
77,70
8,12
46,28,6,70,83
12,51
3,29
24,5
86,91,92,43,4
30,31,70
31,2
8,12
21,20,8
32,62,48,18
8,26
6,70
62,96
55,25,105
44,72,12
73,10
21,20,63
44,21,64,65
53,1
60,69
23,21
9,87,99,36,60,11
46,48,70,26
24,104
103,8,99
8,70
99,21,44,14
75,77
103,35,25
15,3
65,44,84,53
14,90,69,9
98,8
97,92,104
46,62
69,46,36,21,26
32,44,77,70
14,80
42,20,8
7,68
48,10
8,12
48,1
57,41
8,73
52,29,27,26
104,28
94,83
69,35
71,57
8,88,51
71,43,53
12,25
92,10
24,29,101
40,46
14,6,46,48,40,12
30,31,8,20,75,70
21,48
7,6
65,44,72
15,12,27,67,81
43,6
65,15,80
53,69
62,100
98,60,36,10
6,48
30,31
89,65,44,8,72
94,33,27
21,70
21,64,77
94,79
34,13
4,8
96,93,21,25
9,64,27
46,2,93,3,8
8,47,26
92,40
45,78,64,37,47,51,38
78,45,83
21,48,16,44,52
19,75
9,21
29,3
60,46
7,103,46
15,60
94,65,84,44,52,72
75,42
98,26
23,87,46,77,70,83
75,55
94,12
86,62
44,83
24,69
97,46,64,18
53,80
23,62
9,99
8,21
35,8,26
43,48,26
98,16,48
24,10
20,48,21
57,101,80,81
17,10
8,73
37,24,72
8,40
75,69,30,87,63,70
75,20,8
75,64
98,60,50
43,27
104,21,8
4,35,80
8,26,1
49,61,81
5,55
20,24
36,88
29,51
90,83
64,51
97,57
5,19
37,46,78,26,38
71,8
46,6,70,26
14,96,26
94,50
21,42,71,4
8,27
88,60,17,27
24,20,75
24,19
98,60,40,87,24
11,21,18
48,72
48,3
44,65,52
94,47,80
93,98,45,78
6,90,34,39,28,73
65,93
69,12
29,99
2,8
24,20,12
3,21,8
8,2
8,23
68,105
39,2
57,64
14,88
67,46,37,8
85,12
14,69,101
74,8,21
6,7,19,101
89,8,47
48,105
49,8
40,21
14,17,8,70,67
24,13
69,19,27,101
20,21,72
21,16
75,50,20
14,87,21
20,48
6,7
35,36
9,12,80
46,35,25,59
48,39,87
19,38
24,32,19
68,27
22,12
8,36
17,20
36,21
17,104,21
24,75,63
4,98,101,80
24,64
46,23
64,48
8,70,26
20,50
14,78
8,21,32
63,24
84,27
69,65,80
39,90
60,99
100,42,35
32,56
88,68
64,3,46
79,68,69,72,102,18,80
56,35,8
57,29
24,16,72
3,4,8
11,28
41,55
97,68
75,21
21,8,47
34,13
30,31,35
2,81,1
4,71
21,95
86,101
8,46
64,26
7,81
69,78,45,24,38,10
74,12
17,27
37,24,68
74,61
61,4
52,44,65,29,39,33,27
3,69,71
31,20,53
14,21,42
21,63
42,75,104,51
15,8
44,65
74,104,21,8,79
6,46,4,37,71
5,32,28,104
104,3
12,10
50,78,45
77,25
15,22,81
69,86
17,35,59
46,8
26,1
42,8,46,26
3,53
64,46
8,90
69,18
11,46
46,63
6,23,8,75,12,101,81
98,25
17,46,25
52,44,84
54,46
20,28,27
88,50
43,35,76,33
55,69
14,8,40,51
17,8,94,51,101
84,38
90,48
9,8,24,7,103
57,77
57,77,27
17,73
69,97,41,35
30,31
76,71,17,6,97
21,8
99,24,10
46,35,87,60,26
46,79
48,33
40,71
21,8,15
53,37,104
46,48
32,21
24,75,98
20,10
69,85
75,6,8,18
14,8
20,55,10
103,69,21,8,1
75,4
18,51
21,26
76,44,52,75,8,46,77,67
24,34
8,22,40,54,21
17,26
35,59,105
4,29
37,36
30,92,51,80
8,42
8,61,12
46,28,84,12,27
58,6,46,8,4,71,51
99,48
60,65
65,44,12
8,12
93,98
15,8
48,71,76,46
97,76
56,21
69,13
24,104
55,12
45,21
30,31,62
46,8,40
44,62
71,93,74,6,76,98,100,40,46
89,93,87
21,20
24,19
20,90,48
24,68,102,26
48,26
35,79,10
31,70
24,69,62,27
64,45
6,46
56,25
39,19,1
60,88
20,70,26
89,98,93,50,55
58,60,99
8,87
20,22
46,73
21,11
46,6,21,104
75,12,47,73
16,59,27
87,8,60
29,64
14,32,60,55
61,10
42,104,24,17
6,62,26,13
53,69,52,90
35,97,46,48,58
11,12,18
21,11
93,98,40,8
48,20
30,70
46,6,8
41,26
46,20
44,39
11,27
21,57
22,21
28,99,51
82,54
88,63
48,46
32,20,57,101
82,84,52,31,44,24,30,1
30,82,52,31
8,77
39,35
24,54
64,80
32,21,8
1,23,105
32,21,8
99,8
6,12,67
46,35,8,72
20,16
14,89,48
23,49
63,24
75,64
75,54,46,53,26,1
14,16,104,69,18
57,12,80,73
92,71
55,58,105
96,94,46
31,30,32,21
8,40
46,48
65,44,72
35,70
53,55
22,16
60,71
31,75,61,30
98,15,21
41,17
46,8
56,23
42,20
71,8,77,51
8,2
46,6
2,8
39,46
39,35,85
66,11
54,26
78,45,70,38
8,73
35,37,72,26
65,44,72
28,102
24,21
48,75
46,49,26
21,48
6,75,32,21,70
46,53
91,105
30,31,86,8,70
5,19
39,71
49,98
97,80,83
17,26
17,12
14,8,21,77,51,47
79,46,53
52,44,21,12
60,7
48,46,26
90,21,12
8,12
98,21,89
46,25
32,37,85
53,28
82,70
48,60
45,78
34,19,51,47
34,13
21,8
58,35,26
52,93,98
8,70,80
21,32,8
8,12
8,16,6
104,59,27
92,62,70
103,69
21,20
60,46,35,24,36,98,40,12
60,11,12
90,69,3,94,33
94,70
44,52,55
35,76,25
23,8,9
14,98,36,21,75,66,12
61,60,11,105
76,17
4,71
35,98,12
27,83
84,65,44,52,54,37,72
3,4,27
32,21
98,10
60,23,48
3,26
31,70
46,6,7
21,63
24,88,21
74,101,10
45,87,12
34,13
3,26
14,53
21,48
77,26
98,60
35,42,48,53,10
20,21,48
46,26
30,14
5,19
64,40,33
74,46
19,5
3,19,29
97,101
42,2,53
74,84,24,40,21,36,60
64,53
14,24,26,1
18,51
63,40,20,27,70
76,101
21,27
14,6,97,63,51,25
64,12
79,8
63,55
54,46
46,71
14,8
84,72
47,51
54,46,26
6,48
16,90,29,51
20,21
87,8
43,51
20,78,45,21
46,57
8,95
6,46,74,24,67
1,69
32,21
54,8,16
61,66
21,32
46,35
21,70
76,67
20,70
8,7,6,46
6,80
87,18
33,80
19,10
2,55
60,21,20
94,3,77
46,24
35,86,48,97,101,25
14,54,86,17,81
6,7,48
5,99
21,103,100,26
46,70
54,22,51
22,11
24,55,39
74,60
71,48,10
32,68
12,25
43,63,2,101
85,26
32,48,20,21,70
79,46
45,78,79,80
94,4,46,97,26
8,3,56
8,104,10
66,96,26
12,26
24,69
54,104
55,21,70
70,1
4,8,37,70,102
4,53,43,46
36,60,11
74,18
24,48
71,4,29,27,83
46,97,21,60,48
60,36
46,26
14,76,70,67
8,98
21,104
60,69,66,17
74,80
15,70
48,51
53,71
28,1
6,7,46,48,70,81
32,21
46,53
8,12
39,81
4,76,6,97,29,26
21,8
20,8
20,53
6,67
101,51
46,39,75
12,70
4,53
14,57,12
99,31,82,76,6,46
21,32
76,46,44,48
5,49,68
93,35,69,39,50
94,80
14,66
60,98
79,95
58,48
81,26
37,32,21,20,12,26
8,47
63,92,105,26,81
98,41,8,67
75,16,20,77
103,96,68,66,26
17,21,41,71,89,4,39,12
86,63,65,44,80
11,98,93
85,84,44
42,76
14,8
5,19,84,44
7,24,37,21,11,26
46,98,93,26
6,91,46,53,43,51,26
53,46,27
78,45
35,37
76,27
46,48,6,97,7
4,49,62,69,70
46,68
20,21,8
48,82
37,32,60,48,26
16,33
11,83
43,53
14,36,9,21,88,60,39,24,20,101,10
35,39
65,98,45,8,84,47,51
46,26
55,20,67
17,8
30,31,82,70,26
54,57,51,101,26,73
28,104
65,52,44
54,46
4,79,46,57,64
48,26
8,21,10
5,28
44,65
96,21
78,45,68
6,46,7,48
48,94
49,83
37,8,33
40,16
20,28,24,21,10
36,51
26,38
24,8
84,52,65,44,53
24,29,3
39,103,57
4,27
65,84,98,75,73
46,8
29,101
63,20,21
86,17,104,8
39,29,17,26
29,21
104,5
46,95
93,98,89
45,104,19
31,30,33
46,13
30,8,97,67
48,21,12
54,32,77
23,20,27
35,8
7,46,69
88,75,8
7,6
2,4,48
31,20,77
4,71,101
91,27
14,32
46,26
17,50
78,45,48
20,8
76,53
76,25
104,48,75
82,83
75,46
99,32
21,75,24,68
44,21,32,17,25,46,52,8
93,12,51
20,55
21,20,19
20,48
46,75,33
104,46
84,75,51,25
68,60,26
45,78,10
32,21
86,24,68,69,26
37,46
63,67
42,26
46,75,21
14,32,21,8,80
99,8,60,88,50
43,49,97,71,48,46,12
96,46,35
7,26
44,65,21,46,8,1
76,8
32,21,8
42,53,46
40,8
37,26
35,26
98,60,49,12,26
79,35
6,7
42,29
46,58
48,21,12,80,26
44,65,46
32,53
21,47
20,29,57
35,53,97,32,21
21,90,28
24,71,53,3
48,41
8,3
42,53
99,8,27
37,25
56,94
27,70
92,77,70
14,102
20,32,67
75,17,85
76,24
3,101
7,46,24
8,79
5,83
46,24
46,102
7,35
6,51
75,65
21,33
46,37,70,81,80
14,12
94,77,26
91,1
49,6,48,79
14,98,86,8
94,17,33,70,25
104,10
24,20,32,21,8
97,20,16,48,90
75,9
64,3,70,18,80
21,66
11,49,46
7,44,65,46,6,104
14,60,98,85,10
46,64,26
35,8,79
16,20
76,8
21,55
14,46,48,55
88,28,104,12
23,21,22
70,26,80
66,19,27
50,74,80
85,21,39
35,14
37,48
37,98
49,4,8,77
48,100,26
21,12
21,20,47
46,7,103,48
94,8
97,91,77,26,1
65,44,64
75,55
63,21,80
65,44
35,12
21,46,6,86,101
8,7
65,40
20,89,46
14,46,6,8,12,67
85,9
14,10,51
8,39,33
4,11,51
42,8
54,42
39,62,7,41,48
21,48,75
48,75,27,73
100,12,27
48,64
11,1
60,93,98,87,36,24
41,72
36,9,65,44
21,55
39,40
21,20
82,80
24,17,8,60
21,53
75,8,18
8,86
6,46,101
97,29,82,77
89,80
35,13,26,1
12,27
21,46,59
93,98,27
2,94
8,12
78,24,45,20
46,75,61,17,24
8,45,27,47
76,12
48,4,68,104,51
22,70
30,82
20,16
39,16,51
39,72,12
63,35,17
60,89
64,20
54,35,86,55
104,35,99,46
14,30
17,21,24
8,77,80
49,27
71,101
57,75,25
76,29,37
6,46,88,8,15,33
8,60
37,43
32,21,8
8,26
2,4
61,1,46,6,14,18,67
53,1,94,18
28,104
11,26
79,62,41
49,6,69,64,46,37
54,97,6,46
20,8,40
41,27
12,26
103,46,105
44,72
14,9
78,45,11,10
39,27
29,51
75,44,52,59,46,67
21,24,22
94,75,21,53,70,101,18
36,45,12
31,30
45,78,7
21,10
39,95
24,5,8,26
32,75
71,8
36,25
35,70
20,8
44,64
3,29,27
62,35
46,26
21,12
35,57
8,94
71,46,52,4,101
104,68,96
41,3,88,60
20,8
51,67
98,16,20,21
104,97
35,11,88,60
27,102
8,20,21
36,41,89
75,20
35,54
24,46,48
93,21,12,102,10
14,57,56,27
20,64,12,10
39,11
38,50,70,105
60,71
54,8
75,60,87,21,36,55
43,76,85,26
46,6,48,60,12
21,8
46,105
42,47
30,27
48,46
20,70
69,15,6,26
8,20
46,97,29,77,70,26
46,48
57,3
48,51,67
89,98,8,27
14,94,77,27,101
68,56,51,80,73
24,20
24,8,105
37,77
29,20,46
21,24
75,64,47
80,1
8,80
46,35,8
20,53
46,57,97,99
63,76
76,29
50,9
84,44
46,25,27,81
42,8
75,71,4
61,21,16
31,30
77,26
36,60
68,60
59,48
21,9
65,29,44
24,8,89,21
24,46,35
103,37,55
6,79,97,46,29
34,39,84,38
14,53
9,12,67
8,80
24,60,104,64
24,93,98,53,12
31,29,3,30,77
14,34,19
69,17
75,46
46,77
78,70
30,31,59
2,8,1
53,17,51
96,81
46,30,31
46,48
21,32,78,45,28,12
34,24,13
75,71
14,29,75,41,32
31,30
34,10
94,49,48
98,50,93
37,25
71,4,6,7,46,37,67
75,20
46,35,67
7,46,6,8
24,69
21,42,10
93,98,40,63
39,73
46,58
94,44,41
53,30
29,20
101,67
14,97
85,23,12
54,20,56
48,101
17,103,7
2,70
56,37,12,51
7,68,46
53,48
104,27
46,26,25
8,10
46,48,77
74,37,46
20,8
89,1
8,27
91,46,95
16,12
20,32,21,77
7,61
54,24,33
52,21,36
45,48,38
98,60,37,26
46,76
46,66
69,11,60
85,21,86
20,93,98,47
15,51
28,68
52,94,26
20,75
20,12
104,95
17,60
14,60,96,70
53,77
6,64
22,20
7,103
64,6,101
20,8,21
21,36
24,58
44,21,20,46,70
30,45,38
42,48
54,97,20
44,52,84
53,21,27
69,24,53,21,20,12
60,24,12
8,52,27
36,21,88,60
19,52
92,26
36,59,6
30,82,51,1
21,36
93,22
14,48,43,47
44,42
24,21,8,70
40,75,8,67
19,102
39,33
8,98
93,89,30,32,21,8,70
21,36,8,54
49,89
39,11
47,10
8,33,12
45,78,60,26
17,71
8,20,21
21,19
36,21,45,59
34,13
42,76,46,63
48,32,104,21
94,8,90,3
64,51
58,7,6,28
90,8,67
15,48,101
8,12
55,54
35,78,12,105
99,12
77,26
69,48
70,80
8,20
32,21,8
75,8
21,10
75,20
53,41,20,29,73
6,48,70
46,48
21,27
86,4
54,39
96,24,69,41,8
46,7,103,48
8,65,4,26
75,32
34,19,13
54,35,26
21,32
53,24
1,60,48,83
68,81
98,55
52,44,64,9,105
60,11
5,4,48
46,35
31,70
59,64
87,48
64,6
70,1
46,67
35,8,51
92,26
5,64,28,50
46,97
44,52,39,8,60,12,26
8,6
36,46,60
60,68
46,97
76,81
34,12
43,29
60,46,48,12
43,62,77
24,35,96,55,12
40,48
69,10
24,26
2,37
46,12,70,47,1
32,21
14,100,51
64,22
8,73
69,49,19
46,103,26
14,78,45
24,64
21,101
2,8
46,8,42
37,42,80
35,8,15,79
52,29,13
18,51,80
65,48,98
21,20
97,64,83
48,46
87,73
11,66
21,4
77,80
46,103
8,12
56,1
64,2
85,75
37,96,48,26
14,97,52,69,71,12
54,17,72
60,8
46,48,27
8,16
64,15
37,85,12
91,80
36,55
64,12
84,44,65
36,60
22,74,28
75,47
17,6
8,49
6,7
60,61
34,28
29,60
30,31,70
6,7,97,46
21,33,27
62,55,103
70,80
8,77
44,20,21,67
20,55
24,20,48,21,12
9,79
14,55,10
96,70
64,78
46,93
104,102
75,51
4,71,38
69,70,25
24,66
17,64,35,5,12
37,68
44,43,52
12,27
17,98,8,72,81
8,69,51
85,69,86,98,93
5,19,12
46,84,53,72
14,34
69,62,26
71,43
20,48
48,20,51
59,41,46,21
21,8
56,17
97,64,101
30,31,70
48,21,20,8,33,12,27,47
48,46
8,47
69,87
74,102
55,12
86,48,26
57,26
84,24,102
78,45,38
74,8,27
14,40
43,53
46,35,8
42,29,22
46,70
7,6,46
36,60
98,93,8,70
46,8
8,21
96,86
8,68
12,26
20,64,21
76,105
21,20,48,42,12
34,104,28
89,27
53,77
78,45
54,80
26,81
4,8
28,24,35,46
75,46,9,35,11
53,43,46
53,70
69,60,76,8
13,104,102
69,49,96,77
23,70
104,19
93,6,7,39,40,98,18,26,80
14,29
52,65,44,48
75,12,25
98,60,8,10
46,53,25
69,8
93,87
103,11,58,83,26
88,60
6,58,46,48
31,69
97,99
5,26
53,81,80
54,46,40,75,77,27
43,71,12
21,32,20,26
17,69
46,7,6
7,6
11,92
53,10
8,86,33,80
8,60
75,98,26
34,67,13
7,11,102
21,8
90,96,8,105
24,55
104,46,48
49,39
20,21
3,4
21,32
32,46
39,46,33,26
86,105
48,33,27,101
20,48
45,79,46,70
104,20,29,51,47
17,77
23,46,36,27,70
54,27
82,70,26
21,50,64,49,69,79,26,67
104,19,13,10
94,79,28
21,17,8
21,46,48
23,76
46,71,3
67,95
39,80
66,11,54,35,61,79
21,39
3,6,46
32,8,75
32,21,20
7,93
21,8
75,32,20,12
46,58
42,28
60,12
87,24,35,18
8,87
20,60
43,91
77,70
6,46,7,71,67
60,12,27
11,77,70,80
20,8
4,21
97,77
33,27
90,20,55
57,95
39,100,10,80
99,53,33
46,48,104
53,74,12,70,47
48,27,102,101
35,76
64,77
64,12
67,60,18
24,9,68,21
27,51
65,44,37,18,25
54,29
44,65
90,77
85,12
35,82,26
12,27
52,58,24,72
63,75
94,61,27
46,75,29
54,69
8,87,51
21,72
60,36,21,12
31,100,77
60,24
69,24
103,12
49,68
29,83
39,80
46,6
24,61,96,10
14,45,98,11,93,10
8,6,46
82,26
21,8
100,46,97,101
57,77,73
90,63
63,26
46,7,97,83
7,103,39
11,26
46,70
97,46,26
75,70,25
53,95
26,1
32,24
11,60,9,21
17,4,63
34,13
69,44,24,61
48,67
103,46,10,67
24,26
20,77
74,17,64
93,98,44,84,38
60,26
6,97,48
30,31,71
24,60
53,26
36,21,20,85
29,35
6,20,21,33,12
54,53
60,98
42,104
104,26
21,20
8,102,80
86,85
39,11
7,14
79,53,10
55,76
60,89
84,44
46,75
71,70
46,70
42,20,31,92,30
2,94,3,24
97,27
11,51
46,97,3,39,57,43
4,21,104
76,46
93,8,51
14,56
80,51
79,21,27
40,75,21,95
46,76,8,89
99,28,11,21,5,19
8,60
51,10
93,40,48
9,8,21
44,76
7,26
59,80
100,49
54,12
31,30,70
98,60
8,21,48,10
46,63,12
31,30
21,20
75,12,83
46,6
31,30
21,20,24,65,84,12,83
7,6,26
24,8
24,35
64,48,23
9,8,69,26
16,20
49,45,80
75,48,33
46,34,8
36,60,50
32,27
8,26
98,55,10
97,75
4,71
17,62,79
4,3
58,53
35,11
61,9,68,69
87,29,12,51,80
57,81
75,101
24,88,60,77,101
48,69
21,75
71,4
17,12
24,75,36,63,80
61,70
44,83
75,50,40,85
93,20,47
46,42
3,57
40,21,57
42,29,76
21,8
75,48,47
58,48,46
64,46,56,12
92,29,86
79,30,8,90
46,11,67
42,54,53
92,31
8,86,21
34,36,55
58,90,6
2,48
103,28,80
2,35
69,85,24,91,37
7,8
48,70
47,101
96,27
48,12
54,5,21,11
46,48
34,19
66,10
43,71,70
74,3,50
22,27
75,98,88,66
11,75,39
8,95,80
48,9
48,79
11,96
45,87,27
59,10
46,59
71,74,48
104,42
46,74,35,91
29,10
31,30
40,64,24
74,53,32
63,35,102
57,29
11,39,10
93,8,20,52,44,84,65,12
97,103
60,12,105
28,4,27
4,22
15,48,27
40,48
62,27
12,26,81
88,68
8,33
35,62,18
76,58
32,21
4,15,48
48,101
87,6,46,8,26
44,65
48,10
64,33
28,51,26
20,8,32,21
48,101
103,97
98,81
61,12
23,80
57,9,26
20,40
21,42
21,32
103,46,83
8,70,95
92,48
4,46,6,18
75,77
66,11,60
58,77
92,21
47,73
54,21
46,25
61,51,26
62,8,12
46,71,48,97,69,84,12
46,51,47
47,51
85,60,70
22,47
2,48
96,50
21,47
68,60,32
48,50
61,19
88,67
29,2,95
71,91
8,20
53,83
14,60,93,98,87,8
46,48
34,24,12
64,61
94,29
32,21,46
46,16,8
50,32,21,36,60,87,40,48
7,3,28,102
96,46,10
43,20
4,71,53
74,8
23,53,75,21,12
36,87,77
28,8,27
48,39,84
74,12
42,8,88
6,62,43
37,61,105
19,10,13
30,40,1
85,81
14,63
55,67
32,30
8,43
44,38
35,16
61,49,35,12
88,98,3
46,100,26
17,26
19,65,44,34
24,20,18
20,12
44,52,75,8,40,18
21,10
12,10
41,12
54,35
75,46,40
99,50
70,26
21,88,12,38
75,57
63,27,51
60,11,21
58,48
14,94,22
11,40,24
35,74
69,28,24,5
68,46,60
103,41,48
46,48
21,101
68,96
55,12
69,53,21,26
44,65,58
23,26
24,29,73
21,98
82,39,71,70,80
35,60
22,17
46,74,11
44,84
87,33,26
46,103,59
60,82,37,70
6,51
35,73
48,67
14,21
50,79
75,53
8,36,21,94
24,26
21,29
24,28,8
88,21,48
30,48,70
28,70
46,48
15,21
104,28
24,25,39,12,26
35,8
40,16,53
98,60
69,27
40,8,87,12,26
69,100
8,21,20
31,26
48,20
6,46
48,20
11,68
8,80
8,80
14,60,27
5,7,26
76,55
65,80
32,21
42,81
45,75
46,104,64
71,4,29,101
46,97,30,31,77,70
63,11
16,21,28
60,98
3,71
1,82,68
6,3
24,48
8,89
54,52,84,44
24,54,9
75,48,58,47
29,47,10,73
45,102
84,65,44,52
103,53
85,58
27,26
57,70
24,5
35,64
76,105
30,70
54,17,26
21,32,26
61,51
60,36,21
24,74,1
75,48,40
4,69,17,101,51
21,20
19,10
93,98
46,48
60,21,20,8
55,10
47,51
44,80,73
46,35
53,79
9,1
74,101
36,51
19,72
8,12
63,76,58,81
14,8
6,7,54,69,98,60,58
90,77,101,51
64,49
37,75
69,62
75,53
46,8,103,70,51,67,80
14,57,80,73
50,24
50,38
14,4,24,81
103,7,8
99,6,48,46
82,15,8,103,39
2,8,89,99,69
88,75
20,21
89,70,51,80,83
58,8
62,83
93,30
43,81
46,48,83
93,98,8,83,26
16,20
46,89
41,48
71,12
60,59,70
46,37
20,64,1
48,12
3,4,71,29,76,12
65,44,52,40,9,8
54,8
100,70
94,56
14,8,69,7,6,101,81
48,104,17
34,13
96,9,40
84,65,44
97,39,81
71,59,4
21,8
3,53,41
57,29
60,69
30,82
8,81
6,7,8,97
32,56,11
97,8
15,27
3,12
8,34
21,64,20
20,78,45,10
8,77
46,35,17
88,21,84,61,104
20,57
14,7
76,46,21,26
53,83
78,51,26,10
20,21
61,17,26
14,59,12,27
94,103,29,26
24,68
46,48,1
16,20,48
20,44,21,24,67
89,85
22,61
8,4,18
71,43
30,70
21,62
46,85
54,55
64,97,55
24,75,12
35,8
60,19
48,12
99,8,46,96,105
31,30,46,8,27,70,81
51,10
32,98
97,35,59,83
21,39
32,21
8,10
32,21
60,85
24,48
29,16,72
8,71
99,20,63,75,38
104,28,77
87,70
93,20
32,21,20,28
65,71,43,39,44,72
84,24,44,69,68
28,24
45,56,38
60,36,30,41
14,46
32,37
93,98,69
8,86
100,104,78
21,54,26
97,46
87,50,69,24,72
104,16
4,71,57,20,101
66,61,53
69,20
69,8,70
31,27,70
35,50
26,25
50,26
5,24,44
59,21
8,33
32,11
89,32,21,20,34,12,10,73,13
12,70
58,35,88,22,37,18,26
68,35
23,86,6,48,46,7,70,80,1
21,20,22,42,12
61,3
104,52
63,2,51
48,21
8,1
97,26
37,26
98,8
24,56,10
21,27
77,80
14,64
57,46
64,15
30,21
46,26
91,26
22,56,69,70
76,8,47
65,84,20,38
21,46
61,13
85,77
60,57
96,8,64,18,80
35,8,79
16,28,6,48,30,31,17,46,37,102,26
48,12
73,80
98,11
48,80
54,94,46,27
8,95
15,35,20,94
46,48,97
24,48
32,60
19,46
29,16,24
53,85
86,100,35
34,12
34,19
69,35,26
46,24,12
21,8,34
52,75,64
21,46,24,26
82,3
76,21,46
4,5,6,37,48,51,26,80
44,48
94,47
65,90,44,52,28
17,22
75,63
2,51
21,24,81
71,4,46
17,102
71,95
29,36
35,39
104,83
46,51,47
21,33
39,8
30,31,82
63,47
35,21,59,7,47,10
29,33,77
46,54,18
29,101
51,80,38,73
82,54,1
78,83,38
54,85
78,79
60,99
99,80
93,94,8
20,8
57,92,49,26
36,8
32,20
36,2,21,70
53,8,60
37,8
6,40
78,45,56,63,38
34,13
8,20,21,46
97,53,51
14,94,11,45,78,18
89,93,12
21,35
7,46
31,35,24,70,104,80
43,68
8,77
21,53
35,7,46,62,25
20,74
52,12
20,21
99,27
48,18,26
88,8
30,31
35,10
30,31,63,46,39,27
60,57
16,75,1
20,12
7,6,72
22,40,80
45,98,60,38
19,84,65,72
97,35
6,53
4,3,71,64,12
90,12
17,58,46
94,8
57,48,104
30,60,8,64,47
24,46,3,51
40,87
24,76
89,40
90,47
17,42
35,46,86
29,84,44,52,46,72,67,10
42,63
23,56,21
65,44,26
70,26
29,92
53,83,26
88,55
21,94,47,73
14,20
17,40,46,26
20,21,8
79,62
76,20,34,63
42,29
84,52
35,97
46,8,24,51
65,46,12,47
29,4,94
44,48
57,4
35,59
24,81
21,32,24,8,70,81
88,2,90,69,21
14,85
64,101
53,31,23
98,60,8
64,70
42,44,65,72
14,48,39
5,12
35,39
23,2,20
62,70
53,75,40
31,64,30,51
98,93,80
17,75,48,12
44,103,51
58,33
88,64
16,75
3,17,2
17,37,11
46,35,26
69,24,63
24,21,20,8
75,63
21,47
75,8,76
60,11,5
60,12,27
14,20
6,46
37,49,8
48,70
35,8
37,77
91,46,97
36,60
21,63
64,47,10
27,67
65,43,29,56,44
2,79
53,32,21
28,104
70,80
54,57,75
61,12
23,46,57,76
91,70,26
43,100,71
23,4,64,46,97,26
17,102,26
30,3,27
54,69,48,26
36,60
68,39
32,53,69,7,6,80
23,17,21,62
48,75
36,9
46,7,55,103
8,101
32,8,21
7,103,11
81,25
59,37,41,101
86,78,45,38
6,46,48,12
24,78,45,46,48,20,32,21
57,105
69,42,49
57,8
15,94,44,84
23,1
85,60
8,75,74
32,21,11
76,63
17,19
9,63,21,48,12,10
24,65,26
63,27
17,27
62,12
39,19,13
64,92
45,12,95
21,8
79,55,101
2,8,77
35,86,46,83,67
19,12
20,24,98
8,77
46,57,83,1
33,12
69,85
11,27
68,87,96
9,94,8
29,26
46,6
100,70
44,65
38,78
8,49,9,70
35,61,24
19,81
79,46
29,77
48,26
52,65,44
60,88,75
34,39,21
14,15,92,59
22,12
65,44,12
62,80
21,47
31,30
8,12
82,53,30
35,46,59,76,75,27
22,10
97,8
34,13
94,31
8,46
42,35
8,103
41,3
8,98,93
94,48,101
62,49
92,101
8,27
20,32,21,3,8,27
21,32
11,60,70,10
21,20,8
21,8,32,27
46,60,27
46,6,101
26,25
74,40,24,49,92,12
14,39,62,101,26
45,22
45,78,25
21,7,103,39,46,8
29,46,95
21,55
35,85
3,21
54,51
66,12,70
8,27
48,21,32,57,33
103,26
21,84
65,44,21
21,58
8,19
20,21
46,8
54,46,47,51
12,1
24,69
54,65,98,8
32,21,10
75,26
88,60
61,24,76,55,101
15,103
31,30,82,70
94,53,97,21
100,102,26
29,101
17,95,81
63,94
65,44,8
60,24,55
79,54
58,77
75,41,24
20,47
46,27
34,13
63,24,87,93
32,24,21
20,75,26
48,30
46,6,47
8,60,105
19,10
8,89,98,67
85,17,46
86,11
24,5,81
23,55,73
60,21,75,24,48,76
28,39
30,21,4,3,31,48,46,39,27
60,88,69,20
59,47
98,60,8
64,26
49,48
70,26
54,42,103,67
40,75,32,60
13,69,19,34
42,21,104
64,26
91,75,101
96,61
11,79,35,86,85
90,75,20,40,27
20,28
41,88,55,44,21
8,12
97,94,61,53,12
42,20,31,92,30
40,48
35,64,74
96,55
93,71,48
8,95
60,32,21,22,77,47,51,10,73
51,73
21,11
97,46,47
24,13
8,48
17,97,30,39,76,27,25
12,77
46,8,105
40,24
57,24
8,35,46,26,67
57,77,95
97,39,57,81
21,43
32,20,21,12
11,64
17,55,21
45,12,72
53,29
14,99,89,81
8,99
12,38
29,34
88,21
88,93,34,81
65,44,18,73
47,10
20,55,8
56,44
43,6
11,1
17,2
39,29,7,6,12,80
77,72
84,44,52,64
11,87
35,60,66
21,96
21,20
60,24,54,22
79,64
94,97,90,57,26
21,36,12
19,5
46,35
43,74,85
3,43,94,46,101,26
48,27
12,13
4,71
53,56
48,20
6,97,21
91,11
75,104,63,12
16,24
24,19
20,60
24,32,69
46,93,88,21,15
9,8
78,46,61,26,38
69,48
34,19,13
90,24,84,52,44,48,72
2,46,29,94,64,47
63,75,21
54,5,83
89,98,12,10
40,48
34,19
42,46
79,50,12
45,78,104
53,77,51
90,10
43,8,77,47
21,32,3
103,29,105
14,24,8,21
65,44,84,46,5,37,102
27,95
76,39,46
98,51,10,73
60,50,26
77,1
46,70,73
8,26
8,33
69,56,25,7,6,8
4,92,70
40,20,75,64
44,46
24,46,37,8
39,21
8,36,60
44,52,12
75,24
39,48
11,51
60,99,29
53,29,103
14,12
8,47,80
93,75
34,21,12,13
20,35,55
14,35
21,8,10
14,97,48,43,12,1
21,7,46,90,58,26
54,26
21,48,20
48,9
24,32,21
51,73
14,29
31,30,70
40,55
69,83
21,31,30,70,47
17,36,69,85,55,12,26
22,20,53,93
54,37,60,55,12
20,70
15,3,46,80
46,8,92,79
33,12
67,19
24,70
99,6,68,80
58,91
69,24,46,48
45,16,20,8
75,46,98,48
29,74,56,3
99,22,21
59,83,80
43,20
14,6,39,48,46,89,26
69,5
12,10
8,3
50,48,67
60,37,62
70,80
36,21,24,58
60,50
74,8
47,51
14,3,64
8,18
6,7,46,11
89,12
8,83,73
35,21,26
8,95
11,7,6
32,98,54,69,12
6,46,70
77,81
24,5
94,15
34,1
69,8,21,20
4,71,57
28,33
52,24,44,29,16,20
99,68
76,54,46
22,80
62,26
104,55,53
40,36,21,75,81
34,19
75,8,46,54,26
14,60,36,21,64,98
35,62
44,52,104,29,27,73
16,26
35,26
20,60,32,21
41,39
42,54,55
64,8
24,26
21,8
74,62
46,54,55,26
8,40
27,12
24,4,3,8,27
57,70
24,41,26
10,73
88,28
52,60
14,38,72,73
46,6
20,8
20,21
49,58
45,38
8,101
98,72
53,51
98,75,10
2,39,3
88,21
12,18,80
20,8,46
37,69
78,48
90,17
53,10
32,60,72
11,26
9,50
8,56
98,75,54,87
20,35,12
46,41
9,8
45,78,38
21,20,8
20,104,4,3
42,26
28,10
97,70
3,37,32,75,64
29,27
21,48
34,104,62,7,8,19,64,21,55
42,76
24,8,26
59,46,7,81
98,68,60
21,81
69,39
46,8,7
98,35
91,26
30,31,71
69,64,3
16,48
54,86
19,12
6,64
8,27,51
36,21
71,101
9,33,10
34,46,54,15,21,64,13
104,8
54,29
20,97
41,69,12,1
78,93,45,80,73
6,12,67
71,46,52,4,101
19,5
79,8,21
21,20,8
75,8,26
64,33
8,51,80,73
9,60,79
85,26
29,35,21
45,20,48,21
37,24,86
30,70
31,28
54,75,20,64,46,12
35,36,60
3,38
36,21,28
44,70
20,21
69,21,62
22,17
92,53,80
48,26,67
34,19
64,105
77,101
29,10
71,8
75,21,55
8,40,39,23
45,64,12,38
46,77,27
20,21,69,24
11,73
53,85,70,83
52,44,65,39
8,79,15
44,51
24,26
7,6,48
97,26,25
63,21,51
91,80
16,97
40,82
69,77
24,5
20,24,48
8,46,6
29,80
68,51
30,63
77,95
17,41,85,56,14,67
54,19
34,12,13
2,21,59
4,69,77
104,19
94,30,70
70,26
62,11
87,8
65,44,68
97,46
46,7
8,4
32,21,24
100,81
90,87
8,26
46,6
46,49,90
8,21
19,10
71,56,29,3
2,23,64
104,21
39,73
61,46,6,48
43,103
74,21
4,3,2,26
60,15
35,48,20,21
35,30,46,31,48,77,70
74,101
46,6,7,39,8
2,59
90,44,52,101
22,73
35,63,12
2,26
98,89,59
39,94
37,68
21,95
53,21
39,58
71,46,69,3,8
46,8,20
100,49
16,40,38
21,77
32,21,46
21,69,77,51
92,15
88,60,46
14,58
14,8
71,100
39,11,44,65,41
4,97,12
2,76,8
90,42
56,44,8
53,59,39
75,26
52,89,98,60,46,26
37,26
49,39,46,27
39,57
36,60,12
44,84,103,87,59
8,12
92,64
41,52
8,15
21,57,1,37,26,81
53,104,83,1
84,72
46,6,44,84
61,26
6,46,8,61,4,105,25
96,99,41,60
97,35,46
8,21,20
14,8,67
88,60,11,26
17,62,11,69,26
22,21
34,13
35,69,51
8,58
98,93,87,48,46
60,32,21,53,10
45,38
94,57
32,21,64
65,67
54,64
32,21,26
24,69
45,12,38
8,28
32,21
1,6,94,59,101
98,60
3,12
29,80
64,75
29,46,25
21,68
20,75
54,21,32,20,24
35,29
53,104
21,55
34,13
16,21
92,27
94,4,96,24
3,29,20
98,93
14,21,41
17,71
75,20,64,46
14,75,56,8,38
32,60,51
54,53,4
37,69,24,5,11
46,4,6,101
21,57
68,6,46,27
46,26,80
46,26
48,80
14,43,10
53,77
21,10
85,69
40,79
8,21
35,26,17
69,90
14,20,55,21,44,65
31,70
98,93,89,53,79,70
104,28,102
35,68,26,81
60,26
36,27
46,51
20,8
93,12,10
71,4,3
66,19
20,21,10
46,36,44,84,20
69,35
90,24,64,27
8,33,27
29,21,3,20,67
46,26
97,4,6,85,46
35,24,59,12,72
39,27,80
35,11
59,85,26
4,37,9,21,36,41,60,26
75,64
87,75
99,90,49,69
42,29
21,22
14,8,21
78,58
56,19
69,56
21,27
99,97,51,83
69,60,48,98,27
65,20,8,72
29,51
75,40,26
61,26
8,12,81
46,22
40,24,51
61,28,47
5,47
35,8
24,8,77,80
45,78
12,73
14,35
98,69,24
103,81
100,51
19,24
60,21,20
20,64,12
21,60,8
33,24,55
37,69
16,21,32
21,20
88,93,86,60,98,8
35,76,46
41,26
63,53
66,5
54,20,12
9,45,6
90,21
82,46
20,21
22,27
32,101
91,12
21,12
54,25
14,69
5,28
49,97
2,53
75,20
35,1
42,29
21,20
68,83,26
100,75
46,76,37,5
48,23,75,21,51,80
14,31,23,8,70,47
48,12
48,33,51
4,7,6,57
40,89,48
17,2,82,51
60,48
22,11
4,24,39,8,71
22,9,80,73
17,6
34,104
103,48,46
21,44
79,26
14,70
17,26
97,48,31,56,27,101
20,40
39,12
44,8,80
48,44,73
12,18,80
104,28
104,46
14,8,65,12,72,80
54,46
14,87,64
79,69
58,102
4,101
36,24
82,76,46,70
94,103,26
49,17,75,99
8,70
97,6,71,7
14,73
21,104,37,60
21,20
46,69,17,26
8,69
75,104
39,92,33
23,8
92,43,3,4,71
53,20
20,21,56,75,89,10
69,73
19,31,30,70
21,8
35,27
21,46,69,40,48,70,26
19,10
39,50
29,2,105
46,10
35,46,8
98,89,59
43,51,47
2,83
17,46
21,16
48,27,77,70
29,83
31,30,77
74,46,29,18
54,8
21,60,69,49
28,16,20,21,70
23,7,5,29
100,46,33
21,32,48
4,70
56,12
32,29,21
8,70
48,12
27,73
20,40,51
53,77
46,8
48,8
64,26
60,98
34,19
69,5
35,23,60,39,69,12
54,70
41,75
36,21,12,101
46,20,48,73
58,48,46,74
35,24,8
42,48
8,16,12
78,45,38
85,26
39,21
8,12
4,40,41
64,89
64,15,24
49,50
62,26
6,83
15,45,78,73
34,13
63,54,26
46,55,12,26
14,74,40
85,26,10
94,53
2,8
37,46,100
70,80
70,25
98,93,8
98,12
54,25,10
50,12
21,46,26,81
82,26
6,48,70
69,96,18
94,8
58,28,51
57,27
71,77
82,64,8,70
58,3
14,21,32
46,26
55,66,10
34,19
56,69
31,30,70
21,64
60,43
8,12
34,19
21,8
56,20
54,21,26
24,11
71,4,21,57,29
46,8
62,26
37,11
8,81
21,28
93,98,26
4,90,48
20,64
37,6,46,7,68,101,67
7,39,53,46,51
21,32
44,18
30,70
102,26
79,68
46,17,3
104,33
96,68,35,9
68,37
24,74
14,45,98
21,75,48
69,62,70
91,82,59,90,70
46,24,12
60,32
35,38
48,77
19,6,7,67
8,10
46,101
37,79,46,12
64,46,18
93,12,10
17,58,100
53,70
64,67
17,26
70,73
32,21,29
42,90
85,75
88,9,37
54,21,64,46,8,20
45,21,38
64,96
45,78
69,100,86,98
35,21,26
24,46,27
59,4,52,71,44,18,80
21,64
26,1,53
63,26
46,63
75,8
14,8,12,38
64,17,79,26
2,29,51,83
79,57,42
60,68,44
55,12
75,21
20,21
30,31,43
34,104,13
35,97
2,21
48,83
21,53
78,45,64
24,48
16,8
14,59,27
44,81
39,31,30
45,38
49,70
44,64,15,65
68,9
28,58
4,12,10
48,103,12
62,102
68,103
64,47
75,27
2,82
61,18
53,8
6,48
77,95
34,24,13
48,12
54,98,48,41,46,101
58,105
99,69,73
8,99,21,51,18
103,46,4,29,12,26
75,104
56,26
45,21
79,46,6,7,80,81
46,48,101
34,28
103,7,24,61
88,91,60,80
35,8,26
15,21,81
44,20,29
21,36
84,52,44,72,10
54,7,97,44,64,72
58,24,11
8,47
54,16,20
24,7,6
52,44,8
93,55,72
91,24,51,26
11,12,51
24,55,56
66,17,35,18
8,104,12
46,42
8,75
104,47
28,47
40,91
24,69,27,26
50,96
21,11
88,60
16,101
56,74,55
24,61
98,93,75,66,72,67
42,48
4,61
74,53,26
31,70
35,28
39,12
17,62
69,67
8,12
47,51,18
82,40,23,77
1,77,83
21,55
28,78,26
66,102
24,8
37,2,61,86
44,8
14,51,18,10,80,73
8,21
8,95
64,70
44,91,7
24,12
21,103,59
8,25
24,20,21
76,79
35,22
20,21
20,98,56,55
21,8
24,75,8,20
98,93,11
74,28
21,50
14,93,78,45,98,89,85
21,8
20,48,12
19,20,12
5,35,65,24,19
48,61
21,8
19,70
16,21
46,54,104,63
75,77
46,50
63,77,17
14,8
53,17,26
48,46
98,27
61,102,80
94,92,37,97,46,18
24,11,72,26,81
57,21,73
14,5,103,92,60,37,55
30,31,70
57,58
46,24,63,26,10
54,23
21,64,12
76,8
88,75,8
